"OriginalTaxon","ProjectTaxon"
"Abutilon teophrasti","Abutilon teophrasti"
"Acacia/Prosopis","Acacia/Prosopis"
"Achillea wilhelmsii","Achillea wilhelmsii"
"Adonis","Adonis"
"Adonis aestivalis","Adonis aestivalis"
"Adonis annua","Adonis annua"
"Adonis annua/aestivalis","Adonis annua/aestivalis"
"Adonis annuis","Adonis annua"
"Adonis dentata","Adonis dentata"
"Adonis dentata/microcarpa","Adonis dentata/microcarpa"
"Adonis flammea","Adonis flammea"
"Aegilops","Aegilops"
"Aegilops crassa","Aegilops crassa"
"Aegilops cylindrica/tauschii/speltoides","Aegilops cylindrica/tauschii/speltoides"
"Aegilops geniculata/pergrina","Aegilops geniculata/pergrina"
"Aegilops kotschyi","Aegilops kotschyi"
"Aegilops peregrina","Aegilops peregrina"
"Aegilops speltoides","Aegilops speltoides"
"Aegilops speltoides/caudata","Aegilops speltoides/caudata"
"Aegilops umbellulata","Aegilops umbellulata"
"Aegilops/Hordeum","Hordeum/Aegilops"
"Aegilops/Triticum","Triticum/Aegilops"
"Aellenia autrani","Halothamnus hierochunticus"
"Aeluropis/Agrostis/Eragrostis","Aeluropus/Agrostis/Eragrostis"
"Aeluropus","Aeluropus"
"Agropyron/Eremopyrum","Agropyron/Eremopyrum"
"Agrostis","Agrostis"
"Aizoon","Aizoon"
"Aizoon hispanicum","Aizoon hispanicum"
"Ajuga","Ajuga"
"Ajuga chia","Ajuga chia"
"Ajuga/Teucrium","Ajuga/Teucrium"
"Alcea","Alcea"
"Alisma","Alisma"
"Alismataceae","Alismataceae"
"Alkanna","Alkanna"
"Alkanna orientalis","Alkanna orientalis"
"Alopecurus","Alopecurus"
"Alopecurus utriculatus","Alopecurus utriculatus"
"Alopecurus utriculatus/arundinaceus","Alopecurus utriculatus/arundinaceus"
"Alyssum","Alyssum"
"Alyssum damascenus","Alyssum damascenus"
"Alyssum/Lepidum","Alyssum/Lepidium"
"Amaranthaceae","Amaranthaceae"
"Amaranthus","Amaranthus"
"Ammi majus","Ammi majus"
"Amygdalaceae","Amygdaloideae"
"Amygdaloideae","Amygdaloideae"
"Amygdalus","Amygdaloideae"
"Amygdalus communis","Prunus dulcis/korshinskyi"
"Amygdalus communis/korschinskii","Prunus dulcis/korshinskyi"
"Amygdalus communis/Prunus amygdalus","Prunus dulcis"
"Amygdalus orientalis","Prunus argentea"
"Amygdalus webbii/orientalis","Prunus webbii/argentea"
"Amygdalus/Prunus","Prunus"
"Anabasis/Noaea","Anabasis/Noaea"
"Anagallis","Anagallis"
"Anagallis arvensis","Anagallis arvensis"
"Anchusa","Anchusa"
"Anchusa aegyptiaca/milleri","Anchusa aegyptiaca/milleri"
"Anchusa officinalis","Anchusa officinalis"
"Androsace","Androsace"
"Androsace maxima","Androsace maxima"
"Anisantha/Bromus","Bromus"
"Anthemideae","Anthemideae"
"Anthemis","Anthemis"
"Anthemis pseudocotula","Anthemis pseudocotula"
"Antirrhinum orontium","Antirrhinum orontium"
"Anvillea garcinii","Anvillea garcinii"
"Aphanes","Aphanes"
"Apiaceae","Umbelliferae"
"Apiaceae bupleurum","Bupleurum"
"Arabis/Cardamine","Arabis/Cardamine"
"Arenaria","Arenaria"
"Arenaria serpyllifolia","Arenaria serpyllifolia"
"Arenaria/Minuartia","Arenaria/Minuartia"
"Arnebia","Arnebia"
"Arnebia decumbens","Arnebia decumbens"
"Arnebia linearifolia","Arnebia linearifolia"
"Arnebia/Lithospermum","Arnebia/Lithospermum"
"Artemisia","Artemisia"
"Artemisia annua","Artemisia annua"
"Artemisia vulgaris","Artemisia vulgaris"
"Arundo/Phragmites","Arundo/Phragmites"
"Asclepiadaceae","Asclepiadaceae"
"Asparagus","Asparagus"
"Asperula/Galium sect. Kolgyda","Asperula/Galium sect. Kolgyda"
"Asphodelus","Asphodelus"
"Asphodelus microcarpa","Asphodelus aestivus"
"Asteraceae","Asteraceae"
"Asteraceae achillea","Achillea"
"Asterolinon linum-stellatum","Asterolinon linum-stellatum"
"Astragalus","Astragalus"
"Astragalus callichrous","Astragalus callichrous"
"Astragalus echinus","Astragalus echinus"
"Astragalus/Trigonella","Astragalus/Trigonella"
"Atriplex","Atriplex"
"Atriplex lasiantha","Atriplex lasiantha"
"Atriplex leucoclada","Atriplex leucoclada"
"Atriplex prostata","Atriplex prostrata"
"Atriplex prostrata","Atriplex prostrata"
"Atriplex rosea","Atriplex rosea"
"Atriplex rosea/leucoclada","Atriplex rosea/leucoclada"
"Atriplex sect. rosea","Atriplex rosea"
"Atriplex tartarica","Atriplex tatarica"
"Atriplex tatarica","Atriplex tatarica"
"Atriplex tatarica/laciniata","Atriplex tatarica"
"Atriplex/Chenopodium","Atriplex/Chenopodium"
"Avena","Avena"
"Avena barbata","Avena barbata"
"Avena barbata/wiestii","Avena barbata"
"Avena clauda","Avena clauda"
"Avena fatua","Avena fatua"
"Avena ludoviciana","Avena sterilis"
"Avena sterilis","Avena sterilis"
"Avena wiestii","Avena barbata"
"Avena wiestii/barbata","Avena barbata"
"Avena/Eremopyrum","Avena/Eremopyrum"
"Avena/Stipa","Avena/Stipa"
"Aveneadeae","Aveneae"
"Bellevalia","Bellevalia"
"Bellevalia/Muscari","Bellevalia/Muscari"
"Bellevalia/Ornithogalum","Bellevalia/Ornithogalum"
"Beta","Beta"
"Bifora","Bifora"
"Bolboschoenus","Bolboschoenus"
"Bolboschoenus glaucus","Bolboschoenus glaucus"
"Bolboschoenus maritimus","Bolboschoenus maritimus"
"Boraginaceae","Boraginaceae"
"Boreava orientalis","Boreava orientalis"
"Brachypodium distachyon","Brachypodium distachyon"
"Brachypodium/Bromus","Brachypodium/Bromus"
"Brassica","Brassica"
"Brassica nigra","Brassica nigra"
"Brassica/Sinapis","Brassica/Sinapis"
"Brassica/Sinapis arvensis","Brassica/Sinapis arvensis"
"Brassicaceae","Brassicaceae"
"Brassicaeae","Brassicaceae"
"Bromus","Bromus"
"Bromus danthoniae","Bromus danthoniae"
"Bromus pseudobrachystachys/tigridis","Bromus pseudobrachystachys/tigridis"
"Bromus sterilis","Bromus sterilis"
"Bromus/Brachypodium","Brachypodium/Bromus"
"Bryonia","Bryonia"
"Buglossoides arvensis","Buglossoides arvensis"
"Buglossoides tenuiflora","Buglossoides tenuiflora"
"Buglossoides tenuiflorum","Buglossoides tenuiflora"
"Bupleurum","Bupleurum"
"Bupleurum rotundifolium","Bupleurum rotundifolium"
"Bupleurum subovatum","Bupleurum subovatum"
"Burglossoides arvensis","Buglossoides arvensis"
"Burglossoides arvensis/incrassata","Buglossoides arvensis/incrassata"
"Burglossoides incrassata/arvensis","Buglossoides arvensis/incrassata"
"Burglossoides tenuiflora","Buglossoides tenuiflora"
"Calendula","Calendula"
"Camelina","Camelina"
"Camelina microcarpa","Camelina microcarpa"
"Camelina/Camphorosma","Camelina/Camphorosma"
"Campanula","Campanula"
"Campanulaceae","Campanulaceae"
"Camphorosma","Camphorosma"
"Camphorosma monspeliaca","Camphorosma monspeliaca"
"Capparis","Capparis"
"Capparis spinosa","Capparis spinosa"
"Capsella","Capsella"
"Capsella bursa-pastoris","Capsella bursa-pastoris"
"Carduus australis","Carduus australis"
"Carex","Carex"
"Carex divisa","Carex divisa"
"Carob","Ceratonia siliqua"
"Carrichtera annua","Carrichtera annua"
"Carthamus","Carthamus"
"Carthamus tenuis","Carthamus tenuis"
"Carthamus/Centauria","Carthamus/Centaurea"
"Caryophyllaceae","Caryophyllaceae"
"Catabrosa aquatica","Catabrosa aquatica"
"Celtis","Celtis"
"Celtis australis/tournefortii","Celtis australis/tournefortii"
"Celtis tournefortii","Celtis tournefortii"
"Centarea","Centaurea"
"Centaurea","Centaurea"
"Centaurea ammocyanus/pallescens","Centaurea ammocyanus/pallescens"
"Centaurea/Cirsium","Centaurea/Cirsium"
"Centauria","Centaurea"
"Cephalaria","Cephalaria"
"Cephalaria syriaca","Cephalaria syriaca"
"Cerastium","Cerastium"
"Cerasus/Prunus","Cerasus/Prunus"
"Ceratonia siliqua","Ceratonia siliqua"
"Cereal indeterminate","Cereal indeterminate"
"Cerealia/Gramineae","Cereal indeterminate"
"Chara","Chara"
"Chara/Nitella","Chara/Nitella"
"Characeae","Chara"
"Chenolea arabica","Bassia arabica"
"Chenopodiaceae","Amaranthaceae"
"Chenopodiaceae/Amaranthaceae","Amaranthaceae"
"Chenopodiaceae/Capparis","Chenopodiaceae/Capparis"
"Chenopodiaceae/Caryophyllaceae","Chenopodiaceae/Caryophyllaceae"
"Chenopodiaceae/Crucifer","Chenopodiaceae/Crucifer"
"Chenopodium","Chenopodium"
"Chenopodium album","Chenopodium album"
"Chenopodium chenopodioides","Chenopodium chenopodioides"
"Chenopodium glaucum","Chenopodium glaucum"
"Chenopodium murale","Chenopodium murale"
"Chenopodium rubrum","Chenopodium rubrum"
"Chenopodium/Atriplex","Atriplex/Chenopodium"
"Chrozophora","Chrozophora"
"Chrozophora tinctoria","Chrozophora tinctoria"
"Chrysanthemum coronarium","Chrysanthemum coronarium"
"Cicer","Cicer"
"Cicer arietenum","Cicer arietinum"
"Cicer arietinum","Cicer arietinum"
"Cicer arietinum reticulatum/arietinum","Cicer arietinum reticulatum/arietinum"
"Cicer pinnatifidum","Cicer pinnatifidum"
"Cirsium/Carduus","Cirsium/Carduus"
"Cirsium/Carduus/Centaurea","Cirsium/Carduus/Centaurea"
"Citrullus colocynthis","Citrullus colocynthis"
"Cladium mariscus","Cladium mariscus"
"Clematis","Clematis"
"Cleome","Cleome"
"Cleome ornithopodioides","Cleome ornithopodioides"
"Colutea","Colutea"
"Compositae","Asteraceae"
"Compositae/Labiatae","Compositae/Labiatae"
"Compositeae","Asteraceae"
"Conringia orientalis","Conringia orientalis"
"Convolvulaceae","Convolvulaceae"
"Convolvulus","Convolvulus"
"Convolvulus arvensis","Convolvulus arvensis"
"Cordia sinensis","Cordia sinensis"
"Coriandrum sativum","Coriandrum sativum"
"Cornucopiae cucullatum","Cornucopiae cucullatum"
"Cornus mas","Cornus mas"
"Coronilla","Coronilla"
"Corydalis","Corydalis"
"Crataegus","Crataegus"
"Crepis","Crepis"
"Crithopis deliliana","Crithopis deliliana"
"Crucianella","Crucianella"
"Cruciferae","Brassicaceae"
"Crupina crupinastrum","Crupina crupinastrum"
"Cruscuta","Cuscuta"
"Crypsis","Crypsis"
"Crypsis aculeata","Crypsis aculeata"
"Cucurbitaceae","Cucurbitaceae"
"Cuminum cyminum","Cuminum cyminum"
"Cupressus sempervirens","Cupressus sempervirens"
"Cutandia","Cutandia"
"Cynodon","Cynodon"
"Cynodon dactylon","Cynodon dactylon"
"Cynodon/Tragus","Cynodon/Tragus"
"Cyperaceae","Cyperaceae"
"Cyperus","Cyperus"
"Dactylis glomerata","Dactylis glomerata"
"Datura","Datura"
"Descurainia","Descurainia"
"Descurainia sophia","Descurainia sophia"
"Dianthus","Dianthus"
"Dipsacaceae","Dipsacaceae"
"Dipsacaceae/Compositae","Dipsacaceae/Compositae"
"Draba","Draba"
"Echinaria","Echinaria"
"Echinaria/Setaria","Echinaria/Setaria"
"Echinochloa crus-galli","Echinochloa crus-galli"
"Echium","Echium"
"Echium angustifolium/judaeum","Echium angustifolium/judaeum"
"Eleocharis","Eleocharis"
"Elymus","Elymus"
"Equisetum","Equisetum"
"Eragrostis","Eragrostis"
"Eragrostis/Phleum","Eragrostis/Phleum"
"Eremopea/Loliolum","Eremopoa/Loliolum"
"Eremopyrum","Eremopyrum"
"Eremopyrum bonaepartis","Eremopyrum bonaepartis"
"Erodium","Erodium"
"Erodium ciconium","Erodium ciconium"
"Erodium gruinum","Erodium gruinum"
"Erucaria","Erucaria"
"Erucaria microcapa/rostrata","Erucaria microcapa/rostrata"
"Euclidium","Euclidium"
"Euclidium syriacum","Euclidium syriacum"
"Euphorbia","Euphorbia"
"Euphorbia aleppica","Euphorbia aleppica"
"Euphorbiaceae","Euphorbiaceae"
"Fabaceae","Fabaceae"
"Fabaceae (large-seeded)","LSLEG"
"Ficus","Ficus"
"Ficus carica","Ficus carica"
"Foeniculum","Foeniculum"
"Fumaria","Fumaria"
"Fumaria densiflora","Fumaria densiflora"
"Fumaria macrocarpa","Fumaria macrocarpa"
"Fumaria parviflora","Fumaria parviflora"
"Fumaria parviflora/densiflora","Fumaria parviflora/densiflora"
"Galium","Galium"
"Galium aparine","Galium aparine"
"Galium mollugo","Galium mollugo"
"Galium sect. Kolgyda","Galium sect. Kolgyda"
"Galium tricorne","Galium tricornutum"
"Galium tricornutum","Galium tricornutum"
"Galium verum","Galium verum"
"Galium/Asperula","Asperula/Galium sect. Kolgyda"
"Gaudiniopsis","Gaudiniopsis"
"Geraniaceae","Geraniaceae"
"Geranium","Geranium"
"Glastaria glastifolia","Glastaria glastifolia"
"Glaucium","Glaucium"
"Glaucium aleppicum","Glaucium aleppicum"
"Glaucium corniculatum","Glaucium corniculatum"
"Glycyrrhiza","Glycyrrhiza"
"Glycyrrhiza glabra","Glycyrrhiza glabra"
"Glycyrrhiza/Onobrychis","Glycyrrhiza/Onobrychis"
"Graminae","Poaceae"
"Gramineae","Poaceae"
"Gramineae small-seeded","Poaceae (small-seeded)"
"Gramineae/Cyperaceae","Gramineae/Cyperaceae"
"Gundelia tournefortii","Gundelia tournefortii"
"Gypsophila","Gypsophila"
"Gypsophila elegans","Gypsophila elegans"
"Gypsophila pilosa","Gypsophila pilosa"
"Gypsophilla","Gypsophila"
"Halothamnus hierochunticus","Halothamnus hierochunticus"
"Hammada/Salsola","Hammada/Salsola"
"Helianthemum","Helianthemum"
"Helianthemum ledifolium","Helianthemum ledifolium"
"Helianthemum salicifolium","Helianthemum salicifolium"
"Heliotropium","Heliotropium"
"Heliotropium europeum","Heliotropium europeum"
"Heliotropium persicum","Heliotropium persicum"
"Heliotropium rotundifolium","Heliotropium rotundifolium"
"Heliotropium suaveolens","Heliotropium suaveolens"
"Henrardia pubescens","Henrardia pubescens"
"Herniaria","Herniaria"
"Heteranthelium","Heteranthelium"
"Hibiscus trionum","Hibiscus trionum"
"Hibsicus trionum","Hibiscus trionum"
"Hippocrepis","Hippocrepis"
"Holosteum","Holosteum"
"Hordeum","Hordeum"
"Hordeum (cereal)","Hordeum vulgare/spontaneum"
"Hordeum (domesticate)","Hordeum vulgare"
"Hordeum (non-cereal)","Hordeum (non-cereal)"
"Hordeum (wild)","Hordeum (non-cereal)"
"Hordeum bulbosum","Hordeum bulbosum"
"Hordeum distichon","Hordeum vulgare distichum"
"Hordeum distichon/spontaneum","Hordeum vulgare distichum"
"Hordeum distichum","Hordeum vulgare distichum"
"Hordeum distichum/spontaneum","Hordeum vulgare/spontaneum"
"Hordeum distichum/vulgare","Hordeum vulgare distichum"
"Hordeum glaucum","Hordeum murinum"
"Hordeum hystrix/marinum","Hordeum hystrix/marinum"
"Hordeum marinum","Hordeum marinum"
"Hordeum murinum","Hordeum murinum"
"Hordeum murinum/bulbosum","Hordeum murinum/bulbosum"
"Hordeum nudum","Hordeum vulgare var. nudum"
"Hordeum sativum","Hordeum vulgare"
"Hordeum sativum var. nudum","Hordeum vulgare var. nudum"
"Hordeum spontaneum","Hordeum spontaneum"
"Hordeum spontaneum/bulbosum","Hordeum spontaneum/bulbosum"
"Hordeum spontaneum/distichon","Hordeum vulgare/spontaneum"
"Hordeum spontaneum/sativum","Hordeum vulgare/spontaneum"
"Hordeum vulgare","Hordeum vulgare"
"Hordeum vulgare distichum","Hordeum vulgare distichum"
"Hordeum vulgare distichum var nudum","Hordeum vulgare distichum"
"Hordeum vulgare hexastichum","Hordeum vulgare hexastichum"
"Hordeum vulgare hexastichum var nudum","Hordeum vulgare hexastichum"
"Hordeum vulgare var. coeleste","Hordeum vulgare var. coeleste"
"Hordeum vulgare var. nudum","Hordeum vulgare var. nudum"
"Hordeum vulgare/spontaneum","Hordeum vulgare/spontaneum"
"Hordeum vulgare/vulgare var. nudum/lagunculiforme","Hordeum vulgare var. nudum/spontaneum"
"Hordeum/Aegilops","Hordeum/Aegilops"
"Hordeum/Bromus","Hordeum/Bromus"
"Hordeum/Elymus","Hordeum/Elymus"
"Hordeum/Lolium","Hordeum/Lolium"
"Hordeum/Secale","Hordeum/Secale"
"Hordeum/Taeniatherum","Hordeum/Taeniatherum"
"Hymenocarpos circinnatus","Hymenocarpos circinnatus"
"Hymenocarpos circinnatus/Hippocrepis multisilquosal unisilquosa","Hymenocarpos circinnatus/Hippocrepis multisilquosal unisilquosa"
"Hyoscyamus","Hyoscyamus"
"Hyoscyamus reticulatus","Hyoscyamus reticulatus"
"Hypecoum","Hypecoum"
"Hypericum","Hypericum"
"Illecebraceae","Caryophyllaceae"
"Imperata","Imperata"
"Imperata/Saccharum","Imperata/Saccharum"
"Indeterminate","Unidentified"
"Isatis","Isatis"
"Juglans","Juglans"
"Juglans regia","Juglans regia"
"Juncus","Juncus"
"Juniperus","Juniperus"
"Kochia prostrata","Bassia prostrata"
"Koeleria","Koeleria"
"Krascheninnikovia ceratoides","Krascheninnikovia ceratoides"
"Labiatae","Lamiaceae"
"Labiateae","Lamiaceae"
"Lactuca","Lactuca"
"Lallemantia","Lallemantia"
"Lallemantia peltata","Lallemantia peltata"
"Lamiaceae","Lamiaceae"
"Lamium","Lamium"
"Large-seed legume","LSLEG"
"Lathyrus","Lathyrus"
"Lathyrus aphaca","Lathyrus aphaca"
"Lathyrus cicera","Lathyrus cicera"
"Lathyrus cicera/sativus","Lathyrus cicera/sativus"
"Lathyrus hierosolymitanus","Lathyrus hierosolymitanus"
"Lathyrus hirsutus","Lathyrus hirsutus"
"Lathyrus inconspicuous","Lathyrus inconspicuous"
"Lathyrus nissolia","Lathyrus nissolia"
"Lathyrus sativus","Lathyrus sativus"
"lathyrus sativus/cicera","Lathyrus cicera/sativus"
"Lathyrus sect. Cicercula","Lathyrus sect. Cicercula"
"Lathyrus/Pisum/Vicia","Pisum/Vicia/Lathyrus"
"Lathyrus/Vicia","Vicia/Lathyrus"
"Lavatera","Lavatera"
"Leguminosae","Fabaceae"
"Leguminosae (large-seeded)","LSLEG"
"Lemna","Lemna"
"Lens","Lens"
"Lens culinare","Lens culinaris"
"Lens culinaris","Lens culinaris"
"Lens orientalis","Lens orientalis"
"Lens orientalis/culinaris","Lens orientalis/culinaris"
"Lepidium","Lepidium"
"Lepidium perfoliatum","Lepidium perfoliatum"
"Lepidium ruderale","Lepidium ruderale"
"Lepidium/Camelina","Lepidium/Camelina"
"Lepidium/Sisymbrium","Lepidium/Sisymbrium"
"Lepidum","Lepidium"
"Liliaceae","Liliaceae"
"Linum","Linum"
"Linum bienne","Linum bienne"
"Linum bienne/usitatissimum","Linum bienne/usitatissimum"
"Linum mucronatum","Linum mucronatum"
"Linum usitatissimum","Linum usitatissimum"
"Linum usitatissimum/bienne","Linum bienne/usitatissimum"
"Liter","Unidentified"
"Lithospermum","Lithospermum"
"Lithospermum arvense","Buglossoides arvensis"
"Lithospermum officinale","Lithospermum officinale"
"Lithospermum tenuiflorum","Buglossoides tenuiflora"
"Lolium","Lolium"
"Lolium perenne/rigidum","Lolium perenne/rigidum"
"Lolium rigidum","Lolium rigidum"
"Lolium temulentum","Lolium temulentum"
"Lupinus","Lupinus"
"Lupinus angustifolius","Lupinus angustifolius"
"Lupinus pilosus","Lupinus pilosus"
"Lycium","Lycium"
"Lycopus","Lycopus"
"Malcolmia","Malcolmia"
"Malva","Malva"
"Malva nicaeensis","Malva nicaeensis"
"Malva nicaensis/silvestris","Malva nicaensis/sylvestris"
"Malva nicaensis/sylvestris","Malva nicaensis/sylvestris"
"Malva parviflora","Malva parviflora"
"Malva parviflora/nicaeensis","Malva parviflora/nicaeensis"
"Malva silvestris/nicaensis","Malva nicaensis/sylvestris"
"Malva sylvestris","Malva sylvestris"
"Malvaceae","Malvaceae"
"Malvasylvestris/nicaensis","Malva nicaensis/sylvestris"
"Matricaria","Matricaria"
"Medicago","Medicago"
"Medicago gousse","Medicago gousse"
"Medicago laciniata","Medicago laciniata"
"Medicago minima","Medicago minima"
"Medicago polymorpha","Medicago polymorpha"
"Medicago radiata","Medicago radiata"
"Medicago radiate","Medicago radiata"
"Medicago/Trifolium","Medicago/Trifolium"
"Medium-seed legumes","Fabaceae"
"Melica persica","Melica persica"
"Melilotus","Melilotus"
"Melilotus indicus","Melilotus indicus"
"Melilotus/Trifolium","Melilotus/Trifolium"
"Mercurialis annua","Mercurialis annua"
"Mesembryanthemum nodiflorum","Mesembryanthemum nodiflorum"
"Micromeria","Micromeria"
"Minuartia","Minuartia"
"Minuartia rubella","Minuartia rubella"
"Moltkia coerulea","Moltkia coerulea"
"Moraceae","Moraceae"
"Muscari","Muscari"
"Muscari/Ornithogalum","Muscari/Ornithogalum"
"Nepeta","Nepeta"
"Neslia","Neslia"
"Neslia paniculata/apiculata","Neslia paniculata/apiculata"
"'New type' wheat","Triticum dicoccum"
"Nigella","Nigella"
"Nitraria schoberi","Nitraria schoberi"
"Noaea mucronata/Salsola","Noaea mucronata/Salsola"
"Notobasis syriaca","Notobasis syriaca"
"Olea","Olea"
"Olea europea","Olea europea"
"Onobrychis","Onobrychis"
"Onobrychis crista-galli","Onobrychis crista-galli"
"Ononis","Ononis"
"Ononis serrata","Ononis serrata"
"Onopordon","Onopordum"
"Onopordum","Onopordum"
"Onosma albo-roseum","Onosma albo-roseum"
"Onosma gigantea","Onosma gigantea"
"Onosma orientalis","Onosma orientalis"
"Ornithogalum","Ornithogalum"
"Ornithogalum/Muscari","Muscari/Ornithogalum"
"Oryzopsis holciformis","Piptatherum holciforme"
"Paniceae","Paniceae"
"Panicoid","Panicoid"
"Panicum","Panicum"
"Panicum/Setaria","Panicum/Setaria"
"Papaver","Papaver"
"Papaver setigerum","Papaver setigerum"
"Papaveraceae","Papaveraceae"
"Papillionaceae","Faboideae"
"Parenchyma","Parenchyma"
"Peganum harmala","Peganum harmala"
"Phalaris","Phalaris"
"Phalaris paradoxa","Phalaris paradoxa"
"Phalaris tuberosa","Phalaris tuberosa"
"Phleum","Phleum"
"Phleum/Eragrostis","Eragrostis/Phleum"
"Phlomis","Phlomis"
"Phoenix theophrasti","Phoenix theophrasti"
"Phragmites","Phragmites australis"
"Phragmites australis","Phragmites australis"
"Pinus halapensis","Pinus halepensis"
"Piptatherum","Piptatherum"
"Piptatherum holciforme","Piptatherum holciforme"
"Piptatherum miliaceum","Piptatherum miliaceum"
"Pistacia","Pistacia"
"Pistacia atlantica","Pistacia atlantica"
"Pistacia atlantica/khinjuk","Pistacia atlantica/khinjuk"
"Pistacia atlantica/palaestina","Pistacia atlantica/palaestina"
"Pistacia khinjuk/atlantica var. kurdica","Pistacia atlantica/khinjuk"
"Pistacia lentiscus","Pistacia lentiscus"
"Pistacia palaestina","Pistacia palaestina"
"Pistacia terebinthus","Pistacia terebinthus"
"Pistacia terebinthus/atlantica","Pistacia atlantica/terebinthus"
"Pistacia/Celtis","Pistacia/Celtis"
"Pisum","Pisum"
"Pisum arvense","Pisum sativum"
"Pisum elatius","Pisum elatius"
"Pisum fulvum/Vicia narbonensis/peregrina","Pisum fulvum/Vicia narbonensis/peregrina"
"Pisum fulvum/Vicia palaestina","Pisum fulvum/Vicia palaestina"
"Pisum sativum","Pisum sativum"
"Pisum sativum/humile","Pisum sativum"
"Pisum sativus","Pisum sativum"
"Pisum/Vicia/Lathyrus","Pisum/Vicia/Lathyrus"
"Plantago","Plantago"
"Plantago amplexicaulis","Plantago amplexicaulis"
"Plantago coronopus","Plantago coronopus"
"Plantago lagopus","Plantago lagopus"
"Plantago lanceolata","Plantago lanceolata"
"Plantago major","Plantago major"
"Plantago notata/ovata","Plantago notata/ovata"
"Plantago ovata","Plantago ovata"
"Plantago ovata/lanceolata","Plantago ovata/lanceolata"
"Plantago psyllium","Plantago psyllium"
"Plantago squarrosa","Plantago squarrosa"
"Poa","Poa"
"Poa bulbosa","Poa bulbosa"
"Poa bulbosum","Poa bulbosa"
"Poa bulbosum ssp. Vivipara","Poa bulbosa ssp. Vivipara"
"Poa bulbosus var. Vivipara","Poa bulbosa ssp. Vivipara"
"Poaceae","Poaceae"
"Poaceae (small-seeded)","Poaceae (small-seeded)"
"Polygonaceae","Polygonaceae"
"Polygonatum","Polygonatum"
"Polygonum","Polygonum"
"Polygonum aviculare","Polygonum aviculare"
"Polygonum convolvulus","Polygonum convolvulus"
"Polygonum corrigioloides","Polygonum corrigioloides"
"Polygonum lapathifolium","Polygonum lapathifolium"
"Polygonum persicaria","Polygonum persicaria"
"Polygonum venantianum","Polygonum venantianum"
"Polygonum/Rumex","Polygonum/Rumex"
"Portulaca","Portulaca"
"Portulaca oleracea","Portulaca oleracea"
"Potamogeton","Potamogeton"
"Potamogeton pectinatus","Potamogeton pectinatus"
"Potentilla","Potentilla"
"Primulaceae","Primulaceae"
"Prosopis","Prosopis"
"Prosopis farcta","Prosopis farcta"
"Prosopis stephaniana","Prosopis farcta"
"Prosopis/Citrullus","Prosopis/Citrullus"
"Prunaceae","Amygdaloideae"
"Prunoidiae","Amygdaloideae"
"Prunus","Prunus"
"Prunus argentea","Prunus argentea"
"Prunus divaricata","Prunus divaricata"
"Prunus divaricata/Amygdalus orientalis","Prunus divaricata/argentea"
"Prunus microcarpa","Prunus microcarpa"
"Prunus spinosa","Prunus spinosa"
"Psilurus","Psilurus"
"Psilurus incurvus","Psilurus incurvus"
"Psilurus/Parapholis","Psilurus/Parapholis"
"Puccinellia convoluta","Puccinellia convoluta"
"Pulse indeterminate","LSLEG"
"Punica","Punica"
"Punica granatum","Punica granatum"
"Pyrus","Pyrus"
"Pyrus syriaca","Pyrus syriaca"
"Pyrus/Malus","Pyrus/Malus"
"Quercus","Quercus"
"Quercus bruntii/boissieri/libant","Quercus bruntii/boissieri/libant"
"Quercus ithaburensis","Quercus ithaburensis"
"Rannunculus arvensis","Quercus ithaburensis"
"Ranunculus","Ranunculus"
"Ranunculus acris","Ranunculus acris"
"Ranunculus sceleratus","Ranunculus sceleratus"
"Raphanus raphanistrum","Raphanus raphanistrum"
"Reboudia pinnata","Reboudia pinnata"
"Reseda","Reseda"
"Reseda lutea","Reseda lutea"
"Retama raetam","Retama raetam"
"Rhus coriaria","Rhus coriaria"
"Rosa","Rosa"
"Rosaceae","Rosaceae"
"Rubiaceae","Rubiaceae"
"Rubus","Rubus"
"Rubus sanguineus","Rubus sanguineus"
"Rubus sanguineus/canescens","Rubus sanguineus/canescens"
"Rumex","Rumex"
"Rumex acetocella","Rumex acetocella"
"Rumex pulcher","Rumex pulcher"
"Ruppia cirrhosa/maritima","Ruppia cirrhosa/maritima"
"Salsola","Salsola"
"Salsola kali","Salsola kali"
"Salsola/Hammada","Hammada/Salsola"
"Salsola/Suaeda","Salsola/Suaeda"
"Salsoleae","Salsoleae"
"Salvia cryptantha","Salvia cryptantha"
"Saponaria","Saponaria"
"Schoenoplectus","Schoenoplectus"
"Schoenoplectus tabernaemontani","Scirpus lacustris"
"Schoenoplectus triquetius","Schoenoplectus triquetius"
"Schoenus nigricans","Schoenus nigricans"
"Scirpus","Scirpus"
"Scirpus lacustris","Scirpus lacustris"
"Scirpus littoralis","Scirpus littoralis"
"Scirpus maritimus","Bolboschoenus maritimus"
"Scirpus maritimus/tuberosus","Bolboschoenus maritimus/Eleocharis dulcis"
"Scirpus tabernaemontani","Scirpus tabernaemontani"
"Scirpus/Schoenoplectus","Scirpus"
"Scleranthus","Scleranthus"
"Scopiurus","Scorpiurus"
"Scopiurus muricatus","Scorpiurus muricatus"
"Scorpiurus","Scorpiurus"
"Scorpiurus muricatus","Scorpiurus muricatus"
"Scrophularia","Scrophularia"
"Scrophulariaceae","Scrophulariaceae"
"Secale","Secale"
"Secale cerale ssp. segetale","Secale cereale ssp. Segetale"
"Secale cereale","Secale cereale"
"Secale cereale ssp. Cereale","Secale cereale"
"Secale cereale ssp.vavilovii","Secale cereale ssp.vavilovii"
"Secale montanum","Secale montanum"
"Secale montanum/vavilovii","Secale montanum/cereale var vavilovii"
"Secale montanum/vavilovii/Hordeum","Secale montanum/cereale var vavilovii/Hordeum"
"Senecio glaucus","Senecio glaucus"
"Setaria","Setaria"
"Setaria/Digitaria","Setaria/Digitaria"
"Sherardia","Sherardia"
"Sherardia arvensis","Sherardia arvensis"
"Sideritis","Sideritis"
"Silene","Silene"
"Silene aegyptiaca","Silene aegyptiaca"
"Silene arabica","Silene arabica"
"Silene colorata","Silene colorata"
"Silene dichotoma","Silene dichotoma"
"Silene/Gypsophila","Silene/Gypsophila"
"Silybum marianum","Silybum marianum"
"Sisymbrium","Sisymbrium"
"SLEG","SSLEG"
"Small-seed legumes","SSLEG"
"Solanaceae","Solanaceae"
"Solanum","Solanum"
"Solanum dulcamara","Solanum dulcamara"
"Solanum nigrum","Solanum nigrum"
"Sophora","Sophora"
"Spergularia","Spergularia"
"Spergularia arvensis","Spergularia arvensis"
"Sporobolis","Sporobolus"
"Sporobolus","Sporobolus"
"SSLEG","SSLEG"
"Stachys","Stachys"
"Stellaria","Stellaria"
"Stipa","Stipa"
"Stipa barbata/lagascae","Stipa barbata/lagascae"
"Stipa capensis","Stipa capensis"
"Stipa gigantea","Stipa gigantea"
"Stipa lagascae/hohenackeriana/barbata","Stipa lagascae/hohenackeriana/barbata"
"Stipa parviflora/capensis","Stipa parviflora/capensis"
"Stipa/Stipagrostis","Stipa/Stipagrostis"
"Stipagrostis obtusa","Stipagrostis obtusa"
"Stipagrostis plumosa","Stipagrostis plumosa"
"Styrax officinalis","Styrax officinalis"
"Suaeda","Suaeda"
"Suaeda fruticosa","Suaeda fruticosa"
"Suaeda palaestina","Suaeda palaestina"
"Suaeda palaestina/fruticosa","Suaeda palaestina/fruticosa"
"Suaeda/Salsola","Salsola/Suaeda"
"Suaeda/Sirpus maritimus","Suaeda/Scirpus maritimus"
"Sysimbrium","Sisymbrium"
"Taeniatherum","Taeniatherum"
"Taeniatherum caput-medusae","Taeniatherum caput-medusae"
"Taeniatherum caput-medusae/crinitum","Taeniatherum caput-medusae/crinitum"
"Taeniatherum/Hordeum","Hordeum/Taeniatherum"
"Teucrium","Teucrium"
"Teucrium botrys","Teucrium botrys"
"Texiera glastifolia","Glastaria glastifolia"
"Thlaspi","Thlaspi"
"Thymalaea","Thymelaea"
"Thymalaea hirsuta","Thymelaea hirsuta"
"Thymelaea","Thymelaea"
"Thymelaea passerina","Thymelaea passerina"
"Thymelaeaceae","Thymelaeaceae"
"Thymelea","Thymelaea"
"Thymelea passerina","Thymelaea passerina"
"Torilis","Torilis"
"Torilis nodosa","Torilis nodosa"
"Torularia torulosa","Torularia torulosa"
"Trachynia distachya","Brachypodium distachyon"
"Tragopogon","Tragopogon"
"Tragoporon","Tragopogon"
"Tragus","Tragus"
"Tribulus terrestris","Tribulus terrestris"
"Trifolieae","Trifolieae"
"Trifolieae/Astragalus","Trifolieae/Astragalus"
"Trifolium","Trifolium"
"Trigonella","Trigonella"
"Trigonella arabica/schlumbergeri","Trigonella arabica/schlumbergeri"
"Trigonella astroides","Trigonella astroites"
"Trigonella astroites","Trigonella astroites"
"Trigonella noeana","Trigonella noeana"
"Trigonella sibthorpii","Trigonella sibthorpii"
"Triticeae","Cereal indeterminate"
"Triticoid","Triticum"
"Triticum","Triticum"
"Triticum (free threshing type)","Triticum aestivum/durum"
"Triticum (frthr)","Triticum aestivum/durum"
"Triticum (gl)","Triticum boeoticum/diccocoides/monococcum/dicoccum"
"Triticum (gl/frthr)","Triticum"
"Triticum (glume type)","Triticum boeoticum/diccocoides/monococcum/dicoccum"
"Triticum aestivium var. compactum","Triticum aestivocompactum"
"Triticum aestivocompactum","Triticum aestivocompactum"
"Triticum aestivocompactum/durocompactum","Triticum aestivocompactum/durocompactum"
"Triticum aestivum","Triticum aestivum"
"Triticum aestivum/dicoccum","Triticum aestivum/dicoccum"
"Triticum aestivum/durum","Triticum aestivum/durum"
"Triticum aestivum/monococcum","Triticum aestivum/monococcum"
"Triticum boeoticum","Triticum boeoticum"
"Triticum boeoticum aegilopoides","Triticum boeoticum aegilopoides"
"Triticum boeoticum thaoudar","Triticum boeoticum thaoudar"
"Triticum boeoticum/dicoccoides","Triticum boeoticum/dicoccoides"
"Triticum boeoticum/dicoccum","Triticum boeoticum/dicoccum"
"Triticum boeoticum/moncoccum","Triticum monococcum/boeoticum"
"Triticum boeoticum/monococcum","Triticum monococcum/boeoticum"
"Triticum boeoticum/Secale","Triticum boeoticum/Secale"
"Triticum boeoticum/Secale montanum","Triticum boeoticum/Secale montanum"
"Triticum boeoticum/urartu","Triticum boeoticum/urartu"
"Triticum boeticum/urartu","Triticum boeoticum/urartu"
"Triticum dicoccoides","Triticum dicoccoides"
"Triticum dicoccoides/dicoccum","Triticum dicoccoides/dicoccum"
"Triticum dicoccum","Triticum dicoccum"
"Triticum dicoccum/aestivum","Triticum aestivum/dicoccum"
"Triticum dicoccum/monococcum","Triticum dicoccum/monococcum"
"Triticum dicoccum/spelta","Triticum dicoccum/spelta"
"Triticum durum","Triticum durum"
"Triticum durum/turgidum","Triticum durum"
"Triticum durum/turgidum/dicoccum","Triticum dicoccum/durum"
"Triticum hexaploid-type","Hordeum vulgare hexastichum"
"Triticum monococcum","Triticum monococcum"
"Triticum monococcum ssp. boeoticum","Triticum monococcum/boeoticum"
"Triticum monococcum ssp. Boeoticum/Aegilops","Triticum boeoticum/Aegilops"
"Triticum monococcum ssp. boeoticum/monococcum","Triticum monococcum/boeoticum"
"Triticum monococcum ssp. Boeoticum/Secale montanum/vavilovii","Triticum boeoticum/Secale montanum/vavilovii"
"Triticum monococcum ssp. monococcum","Triticum monococcum"
"Triticum monococcum ssp. Monococcum/Triticum turgidum ssp. Dicoccum","Triticum dicoccum/monococcum"
"Triticum monococcum/aestivum","Triticum aestivum/monococcum"
"Triticum monococcum/boeoticum","Triticum monococcum/boeoticum"
"Triticum monococcum/dicoccum","Triticum dicoccum/monococcum"
"Triticum monococcum/turgidum ssp. Dicoccum","Triticum dicoccum/monococcum"
"Triticum new-type/dicoccum","Triticum dicoccum"
"Triticum new-type/monococcum","Triticum monococcum"
"Triticum parvicoccum","Triticum parvicoccum"
"Triticum spelta","Triticum spelta"
"Triticum tetraploid-type","Triticum dicoccum/durum"
"Triticum timopheevi","Triticum timopheevi"
"Triticum turgidum","Triticum turgidum"
"Triticum turgidum ssp. Dicoccoides","Triticum dicoccoides"
"Triticum turgidum ssp. Dicoccoides/dicoccum","Triticum dicoccoides/dicoccum"
"Triticum turgidum ssp. dicoccum","Triticum dicoccum"
"Triticum turgidum ssp. Durum","Triticum durum"
"Triticum turgidum ssp. Durum/aestivum","Triticum aestivum/durum"
"Triticum/Aegilops","Triticum/Aegilops"
"Triticum/Hordeum","Triticum/Hordeum"
"Triticum/Secale","Triticum/Secale"
"Typha","Typha"
"Umbelliferae","Umbelliferae"
"Unidentified","Unidentified"
"Urtica urens","Urtica urens"
"Urticaceae","Urticaceae"
"Vacarria pyrimidata","Vaccaria pyramidata"
"Vaccaria","Vaccaria"
"Vaccaria pyramidata","Vaccaria pyramidata"
"Vaccaria segetalis","Vaccaria segetalis"
"Valerianella","Valerianella"
"Valerianella coronata","Valerianella coronata"
"Valerianella dentata","Valerianella dentata"
"Verbascum","Verbascum"
"Verbena","Verbena"
"Verbena officinalis","Verbena officinalis"
"Vicia","Vicia"
"Vicia cuspidata/lathyroides","Vicia cuspidata/lathyroides"
"Vicia ervilia","Vicia ervilia"
"Vicia faba","Vicia faba"
"Vicia faba var. minuta","Vicia faba var. minuta"
"Vicia faba/narbonense","Vicia faba/narbonense"
"Vicia laxiflora/tetrasperma","Vicia laxiflora/tetrasperma"
"Vicia lutea/sativa/sericocarpa","Vicia lutea/sativa/sericocarpa"
"Vicia narbonense","Vicia narbonense"
"Vicia narbonense/faba","Vicia faba/narbonense"
"Vicia palaestina","Vicia palaestina"
"Vicia palaestina/sativa","Vicia palaestina/sativa"
"Vicia palaestina/villosa","Vicia palaestina/villosa"
"Vicia peregrina","Vicia peregrina"
"Vicia pubescens","Vicia pubescens"
"Vicia sativa","Vicia sativa"
"Vicia/Lathyrus","Vicia/Lathyrus"
"Vicia/Lathyrus/Pisum","Pisum/Vicia/Lathyrus"
"Vicia/Pisum","Vicia/Pisum"
"Viciae","Fabeae"
"Vicieae","Fabeae"
"Viola","Viola"
"Vitex agnus-castus","Vitex agnus-castus"
"Vitis","Vitis"
"Vitis sylvestris","Vitis sylvestris"
"Vitis vinifera","Vitis vinifera"
"Vitis vinifera ssp. Sylvestris","Vitis sylvestris"
"Vulpia","Vulpia"
"Vulpia/Loliolum","Vulpia/Loliolum"
"Ziziphora","Ziziphora"
"Ziziphora capitata","Ziziphora capitata"
"Ziziphora tenuior","Ziziphora tenuir"
"Ziziphora tenuir","Ziziphora tenuir"
"Ziziphus spina-christi","Ziziphus spina-christi"
"Zygophyllum fabago","Zygophyllum fabago"
