"ProjectTaxon","Family","Genus","IDtype","DomProgWild"
"Abutilon teophrasti","Malvaceae","Abutilon","Single ID","Wild"
"Acacia/Prosopis","Fabaceae","Acacia/Prosopis","Multi ID","Wild"
"Achillea","Asteraceae","Achillea","Single ID","Wild"
"Achillea wilhelmsii","Asteraceae","Achillea","Single ID","Wild"
"Adonis","Ranunculaceae","Adonis","Single ID","Wild"
"Adonis aestivalis","Ranunculaceae","Adonis","Single ID","Wild"
"Adonis annua","Ranunculaceae","Adonis","Single ID","Wild"
"Adonis annua/aestivalis","Ranunculaceae","Adonis","Multi ID","Wild"
"Adonis dentata","Ranunculaceae","Adonis","Single ID","Wild"
"Adonis dentata/microcarpa","Ranunculaceae","Adonis","Multi ID","Wild"
"Adonis flammea","Ranunculaceae","Adonis","Single ID","Wild"
"Aegilops","Poaceae","Aegilops","Single ID","Wild"
"Aegilops crassa","Poaceae","Aegilops","Single ID","Wild"
"Aegilops cylindrica/tauschii/speltoides","Poaceae","Aegilops","Multi ID","Wild"
"Aegilops geniculata/pergrina","Poaceae","Aegilops","Multi ID","Wild"
"Aegilops kotschyi","Poaceae","Aegilops","Single ID","Wild"
"Aegilops peregrina","Poaceae","Aegilops","Single ID","Wild"
"Aegilops speltoides","Poaceae","Aegilops","Single ID","Wild"
"Aegilops speltoides/caudata","Poaceae","Aegilops","Multi ID","Wild"
"Aegilops umbellulata","Poaceae","Aegilops","Single ID","Wild"
"Aeluropus","Poaceae","Aeluropus","Single ID","Wild"
"Aeluropus/Agrostis/Eragrostis","Poaceae","Aeluropus/Agrostis/Eragrostis","Multi ID","Wild"
"Agropyron/Eremopyrum","Poaceae","Agropyron/Eremopyrum","Multi ID","Wild"
"Agrostis","Poaceae","Agrostis","Single ID","Wild"
"Aizoon","Aizoaceae","Aizoon","Single ID","Wild"
"Aizoon hispanicum","Aizoaceae","Aizoon","Single ID","Wild"
"Ajuga","Lamiaceae","Ajuga","Single ID","Wild"
"Ajuga chia","Lamiaceae","Ajuga chia","Single ID","Wild"
"Ajuga/Teucrium","Lamiaceae","Ajuga/Teucrium","Multi ID","Wild"
"Alcea","Malvaceae","Alcea","Single ID","Wild"
"Alisma","Alismataceae","Alisma","Single ID","Wild"
"Alismataceae","Alismataceae","Above Genus ID","Single ID","Wild"
"Alkanna","Boraginaceae","Alkanna","Single ID","Wild"
"Alkanna orientalis","Boraginaceae","Alkanna","Single ID","Wild"
"Alopecurus","Poaceae","Alopecurus","Single ID","Wild"
"Alopecurus utriculatus","Poaceae","Alopecurus","Single ID","Wild"
"Alopecurus utriculatus/arundinaceus","Poaceae","Alopecurus","Multi ID","Wild"
"Alyssum","Brassicaceae","Alyssum","Single ID","Wild"
"Alyssum damascenus","Brassicaceae","Alyssum","Single ID","Wild"
"Alyssum/Lepidium","Brassicaceae","Alyssum/Lepidium","Multi ID","Wild"
"Amaranthaceae","Amaranthaceae","Above Genus ID","Single ID","Wild"
"Amaranthus","Amaranthaceae","Amaranthus","Single ID","Wild"
"Ammi majus","Apiaceae","Ammi","Single ID","Wild"
"Amygdaloideae","Rosaceae","Above Genus ID","Single ID","Wild"
"Anabasis/Noaea","Amaranthaceae","Anabasis/Noaea","Multi ID","Wild"
"Anagallis","Primulaceae","Anagallis","Single ID","Wild"
"Anagallis arvensis","Primulaceae","Anagallis","Single ID","Wild"
"Anchusa","Boraginaceae","Anchusa","Single ID","Wild"
"Anchusa aegyptiaca/milleri","Boraginaceae","Anchusa","Multi ID","Wild"
"Anchusa officinalis","Boraginaceae","Anchusa","Single ID","Wild"
"Androsace","Primulaceae","Androsace","Single ID","Wild"
"Androsace maxima","Primulaceae","Androsace","Single ID","Wild"
"Anthemideae","Asteraceae","Anthemideae","Single ID","Wild"
"Anthemis","Asteraceae","Anthemis","Single ID","Wild"
"Anthemis pseudocotula","Asteraceae","Anthemis","Single ID","Wild"
"Antirrhinum orontium","Scrophulariaceae","Antirrhinum","Single ID","Wild"
"Anvillea garcinii","Asteraceae","Anvillea","Single ID","Wild"
"Aphanes","Rosaceae","Aphanes","Single ID","Wild"
"Arabis/Cardamine","Brassicaceae","Arabis/Cardamine","Multi ID","Wild"
"Arenaria","Caryophyllaceae","Arenaria","Single ID","Wild"
"Arenaria serpyllifolia","Caryophyllaceae","Arenaria","Single ID","Wild"
"Arenaria/Minuartia","Caryophyllaceae","Arenaria/Minuartia","Multi ID","Wild"
"Arnebia","Boraginaceae","Arnebia","Single ID","Wild"
"Arnebia decumbens","Boraginaceae","Arnebia","Single ID","Wild"
"Arnebia linearifolia","Boraginaceae","Arnebia","Single ID","Wild"
"Arnebia/Lithospermum","Boraginaceae","Arnebia/Lithospermum","Multi ID","Wild"
"Artemisia","Asteraceae","Artemisia","Single ID","Wild"
"Artemisia annua","Asteraceae","Artemisia","Single ID","Wild"
"Artemisia vulgaris","Asteraceae","Artemisia","Single ID","Wild"
"Arundo/Phragmites","Poaceae","Arundo/Phragmites","Multi ID","Wild"
"Asclepiadaceae","Apocynaceae","Above Genus ID","Single ID","Wild"
"Asparagus","Asparagaceae","Asparagus","Single ID","Wild"
"Asperula/Galium sect. Kolgyda","Rubiaceae","Asperula/Galium","Multi ID","Wild"
"Asphodelus","Liliaceae","Asphodelus","Single ID","Wild"
"Asphodelus aestivus","Liliaceae","Asphodelus","Single ID","Wild"
"Asteraceae","Asteraceae","Above Genus ID","Single ID","Wild"
"Asterolinon linum-stellatum","Primulaceae","Asterolinon","Single ID","Wild"
"Astragalus","Fabaceae","Astragalus","Single ID","Wild"
"Astragalus callichrous","Fabaceae","Astragalus","Single ID","Wild"
"Astragalus echinus","Fabaceae","Astragalus","Single ID","Wild"
"Astragalus/Trigonella","Fabaceae","Astragalus/Trigonella","Multi ID","Wild"
"Atriplex","Amaranthaceae","Atriplex","Single ID","Wild"
"Atriplex lasiantha","Amaranthaceae","Atriplex","Single ID","Wild"
"Atriplex leucoclada","Amaranthaceae","Atriplex","Single ID","Wild"
"Atriplex prostrata","Amaranthaceae","Atriplex","Single ID","Wild"
"Atriplex rosea","Amaranthaceae","Atriplex","Single ID","Wild"
"Atriplex rosea/leucoclada","Amaranthaceae","Atriplex","Multi ID","Wild"
"Atriplex tatarica","Amaranthaceae","Atriplex","Single ID","Wild"
"Atriplex/Chenopodium","Amaranthaceae","Chenopodium/Atriplex","Multi ID","Wild"
"Avena","Poaceae","Avena","Single ID","Wild"
"Avena barbata","Poaceae","Avena","Single ID","Wild"
"Avena clauda","Poaceae","Avena","Single ID","Wild"
"Avena fatua","Poaceae","Avena","Single ID","Wild"
"Avena sterilis","Poaceae","Avena","Single ID","Wild"
"Avena/Eremopyrum","Poaceae","Avena/Eremopyrum","Multi ID","Wild"
"Avena/Stipa","Poaceae","Avena/Stipa","Multi ID","Wild"
"Aveneae","Poaceae","Above Genus ID","Single ID","Wild"
"Bassia arabica","Amaranthaceae","Chenolea","Single ID","Wild"
"Bassia prostrata","Amaranthaceae","Bassia","Single ID","Wild"
"Bellevalia","Asparagaceae","Bellevalia","Single ID","Wild"
"Bellevalia/Muscari","Asparagaceae","Bellevalia/Muscari","Multi ID","Wild"
"Bellevalia/Ornithogalum","Asparagaceae","Bellevalia/Ornithogalum","Multi ID","Wild"
"Beta","Amaranthaceae","Beta","Single ID","Wild"
"Bifora","Apiaceae","Bifora","Single ID","Wild"
"Bolboschoenus","Cyperaceae","Bolboschoenus","Single ID","Wild"
"Bolboschoenus glaucus","Cyperaceae","Bolboschoenus","Single ID","Wild"
"Bolboschoenus maritimus","Cyperaceae","Bolboschoenus","Single ID","Wild"
"Bolboschoenus maritimus/Eleocharis dulcis","Cyperaceae","Bolboschoenus/Eleocharis","Multi ID","Wild"
"Boraginaceae","Boraginaceae","Above Genus ID","Single ID","Wild"
"Boreava orientalis","Brassicaceae","Boreava","Single ID","Wild"
"Brachypodium distachyon","Poaceae","Brachypodium","Single ID","Wild"
"Brachypodium/Bromus","Poaceae","Brachypodium/Bromus","Multi ID","Wild"
"Brassica","Brassicaceae","Brassica","Single ID","Wild"
"Brassica nigra","Brassicaceae","Brassica","Single ID","Wild"
"Brassica/Sinapis","Brassicaceae","Brassica/Sinapis","Multi ID","Wild"
"Brassica/Sinapis arvensis","Brassicaceae","Brassica/Sinapis","Multi ID","Wild"
"Brassicaceae","Brassicaceae","Above Genus ID","Single ID","Wild"
"Bromus","Poaceae","Bromus","Single ID","Wild"
"Bromus danthoniae","Poaceae","Bromus","Single ID","Wild"
"Bromus pseudobrachystachys/tigridis","Poaceae","Bromus","Multi ID","Wild"
"Bromus sterilis","Poaceae","Bromus","Single ID","Wild"
"Bryonia","Cucurbitaceae","Bryonia","Single ID","Wild"
"Buglossoides arvensis","Boraginaceae","Buglossoides","Single ID","Wild"
"Buglossoides arvensis/incrassata","Boraginaceae","Buglossoides","Multi ID","Wild"
"Buglossoides tenuiflora","Boraginaceae","Buglossoides","Single ID","Wild"
"Bupleurum","Apiaceae","Bupleurum","Single ID","Wild"
"Bupleurum rotundifolium","Apiaceae","Bupleurum","Single ID","Wild"
"Bupleurum subovatum","Apiaceae","Bupleurum","Single ID","Wild"
"Calendula","Asteraceae","Calendula","Single ID","Wild"
"Camelina","Brassicaceae","Camelina","Single ID","Wild"
"Camelina microcarpa","Brassicaceae","Camelina","Single ID","Wild"
"Camelina/Camphorosma","Amaranthaceae/Brassicaceae","Camelina/Camphorosma","Multi ID","Wild"
"Campanula","Campanulaceae","Campanula","Single ID","Wild"
"Campanulaceae","Campanulaceae","Above Genus ID","Single ID","Wild"
"Camphorosma","Amaranthaceae","Camphorosma","Single ID","Wild"
"Camphorosma monspeliaca","Amaranthaceae","Camphorosma","Single ID","Wild"
"Capparis","Capparaceae","Capparis","Single ID","Wild"
"Capparis spinosa","Capparaceae","Capparis","Single ID","Wild"
"Capsella","Brassicaceae","Capsella","Single ID","Wild"
"Capsella bursa-pastoris","Brassicaceae","Capsella","Single ID","Wild"
"Carduus australis","Asteraceae","Carduus","Single ID","Wild"
"Carex","Cyperaceae","Carex","Single ID","Wild"
"Carex divisa","Cyperaceae","Carex","Single ID","Wild"
"Carrichtera annua","Brassicaceae","Carrichtera","Single ID","Wild"
"Carthamus","Asteraceae","Carthamus","Single ID","Wild"
"Carthamus tenuis","Asteraceae","Carthamus","Single ID","Wild"
"Carthamus/Centaurea","Asteraceae","Carthamus/Centaurea","Multi ID","Wild"
"Caryophyllaceae","Caryophyllaceae","Above Genus ID","Single ID","Wild"
"Catabrosa aquatica","Poaceae","Catabrosa","Single ID","Wild"
"Celtis","Ulmaceae","Celtis","Single ID","Wild"
"Celtis australis/tournefortii","Ulmaceae","Celtis","Multi ID","Wild"
"Celtis tournefortii","Ulmaceae","Celtis","Single ID","Wild"
"Centaurea","Asteraceae","Centaurea","Single ID","Wild"
"Centaurea ammocyanus/pallescens","Asteraceae","Centaurea","Multi ID","Wild"
"Centaurea/Cirsium","Asteraceae","Centaurea/Cirsium","Multi ID","Wild"
"Cephalaria","Dipsacaceae","Cephalaria","Single ID","Wild"
"Cephalaria syriaca","Dipsacaceae","Cephalaria","Single ID","Wild"
"Cerastium","Caryophyllaceae","Cerastium","Single ID","Wild"
"Cerasus/Prunus","Rosaceae","Cerasus/Prunus","Multi ID","Wild"
"Ceratonia siliqua","Fabaceae","Ceratonia","Single ID","Wild"
"Cereal indeterminate","Poaceae","Hordeum/Triticum","Single ID","Presumed Crop Domesticate/Progenitor"
"Cerealia/Gramineae","Poaceae","Above Genus ID","Multi ID","Presumed Crop Domesticate/Progenitor"
"Chara","Characeae","Chara","Single ID","Wild"
"Chara/Nitella","Characeae","Chara/Nitella","Multi ID","Wild"
"Chenopodiaceae/Capparis","Amaranthaceae/Capparaceae","Above Genus ID","Multi ID","Wild"
"Chenopodiaceae/Caryophyllaceae","Amaranthaceae/Caryophyllaceae","Above Genus ID","Multi ID","Wild"
"Chenopodiaceae/Crucifer","Amaranthaceae/Brassicaceae","Above Genus ID","Multi ID","Wild"
"Chenopodium","Amaranthaceae","Chenopodium","Single ID","Wild"
"Chenopodium album","Amaranthaceae","Chenopodium","Single ID","Wild"
"Chenopodium chenopodioides","Amaranthaceae","Chenopodium","Single ID","Wild"
"Chenopodium glaucum","Amaranthaceae","Chenopodium","Single ID","Wild"
"Chenopodium murale","Amaranthaceae","Chenopodium","Single ID","Wild"
"Chenopodium rubrum","Amaranthaceae","Chenopodium","Single ID","Wild"
"Chrozophora","Euphorbiaceae","Chrozophora","Single ID","Wild"
"Chrozophora tinctoria","Euphorbiaceae","Chrozophora","Single ID","Wild"
"Chrysanthemum coronarium","Asteraceae","Chrysanthemum","Single ID","Wild"
"Cicer","Fabaceae","Cicer","Single ID","Wild"
"Cicer arietinum","Fabaceae","Cicer","Single ID","Domesticated crop"
"Cicer arietinum reticulatum/arietinum","Fabaceae","Cicer","Multi ID","Crop Domesticate/Progenitor"
"Cicer pinnatifidum","Fabaceae","Cicer","Single ID","Wild"
"Cirsium/Carduus","Asteraceae","Cirsium/Carduus","Multi ID","Wild"
"Cirsium/Carduus/Centaurea","Asteraceae","Cirsium/Carduus/Centaurea","Multi ID","Wild"
"Citrullus colocynthis","Cucurbitaceae","Citrullus","Single ID","Wild"
"Cladium mariscus","Cyperaceae","Cladium","Single ID","Wild"
"Clematis","Ranunculaceae","Clematis","Single ID","Wild"
"Cleome","Cleomaceae","Cleome","Single ID","Wild"
"Cleome ornithopodioides","Cleomaceae","Cleome","Single ID","Wild"
"Colutea","Fabaceae","Colutea","Single ID","Wild"
"Compositae/Labiatae","Asteraceae/Lamiaceae","Compositae/Labiatae","Multi ID","Wild"
"Conringia orientalis","Brassicaceae","Conringia","Single ID","Wild"
"Convolvulaceae","Convolvulaceae","Above Genus ID","Single ID","Wild"
"Convolvulus","Convolvulaceae","Convolvulus","Single ID","Wild"
"Convolvulus arvensis","Convolvulaceae","Convolvulus","Single ID","Wild"
"Cordia sinensis","Boraginaceae","Cordia","Single ID","Wild"
"Coriandrum sativum","Apiaceae","Coriandrum","Single ID","Wild"
"Cornucopiae cucullatum","Poaceae","Cornucopiae","Single ID","Wild"
"Cornus mas","Cornaceae","Cornus","Single ID","Wild"
"Coronilla","Fabaceae","Coronilla","Single ID","Wild"
"Corydalis","Papaveraceae","Corydalis","Single ID","Wild"
"Crataegus","Rosaceae","Crataegus","Single ID","Wild"
"Crepis","Asteraceae","Crepis","Single ID","Wild"
"Crithopis deliliana","Poaceae","Crithopis","Single ID","Wild"
"Crucianella","Rubiaceae","Crucianella","Single ID","Wild"
"Crupina crupinastrum","Asteraceae","Crupina","Single ID","Wild"
"Crypsis","Poaceae","Crypsis","Single ID","Wild"
"Crypsis aculeata","Poaceae","Crypsis","Single ID","Wild"
"Cucurbitaceae","Cucurbitaceae","Above Genus ID","Single ID","Wild"
"Cuminum cyminum","Apiaceae","Cuminum","Single ID","Wild"
"Cupressus sempervirens","Cupressaceae","Cupressus","Single ID","Wild"
"Cuscuta","Convolvulaceae","Cuscuta","Single ID","Wild"
"Cutandia","Poaceae","Cutandia","Single ID","Wild"
"Cynodon","Poaceae","Cynodon","Single ID","Wild"
"Cynodon dactylon","Poaceae","Cynodon","Single ID","Wild"
"Cynodon/Tragus","Poaceae","Cynodon/Tragus","Multi ID","Wild"
"Cyperaceae","Cyperaceae","Above Genus ID","Single ID","Wild"
"Cyperus","Cyperaceae","Cyperus","Single ID","Wild"
"Dactylis glomerata","Poaceae","Dactylis","Single ID","Wild"
"Datura","Solanaceae","Datura","Single ID","Wild"
"Descurainia","Brassicaceae","Descurainia","Single ID","Wild"
"Descurainia sophia","Brassicaceae","Descurainia","Single ID","Wild"
"Dianthus","Caryophyllaceae","Dianthus","Single ID","Wild"
"Dipsacaceae","Dipsacaceae","Above Genus ID","Single ID","Wild"
"Dipsacaceae/Compositae","Asteraceae/Dipsacaceae","Above Genus ID","Multi ID","Wild"
"Draba","Brassicaceae","Draba","Single ID","Wild"
"Echinaria","Poaceae","Echinaria","Single ID","Wild"
"Echinaria/Setaria","Poaceae","Echinaria/Setaria","Multi ID","Wild"
"Echinochloa crus-galli","Poaceae","Echinochloa","Single ID","Wild"
"Echium","Boraginaceae","Echium","Single ID","Wild"
"Echium angustifolium/judaeum","Boraginaceae","Echium","Multi ID","Wild"
"Eleocharis","Cyperaceae","Eleocharis","Single ID","Wild"
"Elymus","Poaceae","Elymus","Single ID","Wild"
"Equisetum","Equisetaceae","Equisetum","Single ID","Wild"
"Eragrostis","Poaceae","Eragrostis","Single ID","Wild"
"Eragrostis/Phleum","Poaceae","Eragrostis/Phleum","Single ID","Wild"
"Eremopoa/Loliolum","Poaceae","Eremopoa/Loliolum","Multi ID","Wild"
"Eremopyrum","Poaceae","Eremopyrum","Single ID","Wild"
"Eremopyrum bonaepartis","Poaceae","Eremopyrum","Single ID","Wild"
"Erodium","Geraniaceae","Erodium","Single ID","Wild"
"Erodium ciconium","Geraniaceae","Erodium","Single ID","Wild"
"Erodium gruinum","Geraniaceae","Erodium","Single ID","Wild"
"Erucaria","Brassicaceae","Erucaria","Single ID","Wild"
"Erucaria microcapa/rostrata","Brassicaceae","Erucaria","Multi ID","Wild"
"Euclidium","Brassicaceae","Euclidium","Single ID","Wild"
"Euclidium syriacum","Brassicaceae","Euclidium","Single ID","Wild"
"Euphorbia","Euphorbiaceae","Euphorbia","Single ID","Wild"
"Euphorbia aleppica","Euphorbiaceae","Euphorbia","Single ID","Wild"
"Euphorbiaceae","Euphorbiaceae","Above Genus ID","Single ID","Wild"
"Fabaceae","Fabaceae","Above Genus ID","Single ID","Wild"
"Fabeae","Fabaceae","Lathyrus/Lens/Pisum/Vicia","Single ID","Crop Domesticate/Progenitor"
"Faboideae","Fabaceae","Above Genus ID","Single ID","Wild"
"Ficus","Moraceae","Ficus","Single ID","Wild"
"Ficus carica","Moraceae","Ficus","Single ID","Wild"
"Foeniculum","Apiaceae","Foeniculum","Single ID","Wild"
"Fumaria","Papaveraceae","Fumaria","Single ID","Wild"
"Fumaria densiflora","Papaveraceae","Fumaria","Single ID","Wild"
"Fumaria macrocarpa","Papaveraceae","Fumaria","Single ID","Wild"
"Fumaria parviflora","Papaveraceae","Fumaria","Single ID","Wild"
"Fumaria parviflora/densiflora","Papaveraceae","Fumaria","Multi ID","Wild"
"Galium","Rubiaceae","Galium","Single ID","Wild"
"Galium aparine","Rubiaceae","Galium","Single ID","Wild"
"Galium mollugo","Rubiaceae","Galium","Single ID","Wild"
"Galium sect. Kolgyda","Rubiaceae","Galium","Single ID","Wild"
"Galium tricornutum","Rubiaceae","Galium","Single ID","Wild"
"Galium verum","Rubiaceae","Galium","Single ID","Wild"
"Gaudiniopsis","Poaceae","Gaudiniopsis","Single ID","Wild"
"Geraniaceae","Geraniaceae","Above Genus ID","Single ID","Wild"
"Geranium","Geraniaceae","Geranium","Single ID","Wild"
"Glastaria glastifolia","Brassicaceae","Glastaria","Single ID","Wild"
"Glaucium","Papaveraceae","Glaucium","Single ID","Wild"
"Glaucium aleppicum","Papaveraceae","Glaucium","Single ID","Wild"
"Glaucium corniculatum","Papaveraceae","Glaucium","Single ID","Wild"
"Glycyrrhiza","Fabaceae","Glycyrrhiza","Single ID","Wild"
"Glycyrrhiza glabra","Fabaceae","Glycyrrhiza","Single ID","Wild"
"Glycyrrhiza/Onobrychis","Fabaceae","Glycyrrhiza/Onobrychis","Multi ID","Wild"
"Gramineae/Cyperaceae","Cyperaceae/Poaceae","Above Genus ID","Multi ID","Wild"
"Gundelia tournefortii","Asteraceae","Gundelia","Single ID","Wild"
"Gypsophila","Caryophyllaceae","Silene/Gypsophila","Single ID","Wild"
"Gypsophila elegans","Caryophyllaceae","Silene/Gypsophila","Single ID","Wild"
"Gypsophila pilosa","Caryophyllaceae","Silene/Gypsophila","Single ID","Wild"
"Halothamnus hierochunticus","Amaranthaceae","Halothamnus","Single ID","Wild"
"Hammada/Salsola","Amaranthaceae","Hammada/Salsola","Multi ID","Wild"
"Helianthemum","Cistaceae","Helianthemum","Single ID","Wild"
"Helianthemum ledifolium","Cistaceae","Helianthemum","Single ID","Wild"
"Helianthemum salicifolium","Cistaceae","Helianthemum","Single ID","Wild"
"Heliotropium","Boraginaceae","Heliotropium","Single ID","Wild"
"Heliotropium europeum","Boraginaceae","Heliotropium","Single ID","Wild"
"Heliotropium persicum","Boraginaceae","Heliotropium","Single ID","Wild"
"Heliotropium rotundifolium","Boraginaceae","Heliotropium","Single ID","Wild"
"Heliotropium suaveolens","Boraginaceae","Heliotropium","Single ID","Wild"
"Henrardia pubescens","Poaceae","Henrardia","Single ID","Wild"
"Herniaria","Caryophyllaceae","Herniaria","Single ID","Wild"
"Heteranthelium","Poaceae","Heteranthelium","Single ID","Wild"
"Hibiscus trionum","Malvaceae","Hibiscus","Single ID","Wild"
"Hippocrepis","Fabaceae","Hippocrepis","Single ID","Wild"
"Holosteum","Caryophyllaceae","Holosteum","Single ID","Wild"
"Hordeum","Poaceae","Hordeum","Single ID","Presumed Crop Domesticate/Progenitor"
"Hordeum (cereal)","Poaceae","Hordeum","Single ID","Domesticated crop"
"Hordeum (non-cereal)","Poaceae","Hordeum","Single ID","Wild"
"Hordeum bulbosum","Poaceae","Hordeum","Single ID","Wild"
"Hordeum hystrix/marinum","Poaceae","Hordeum","Multi ID","Wild"
"Hordeum marinum","Poaceae","Hordeum","Single ID","Wild"
"Hordeum murinum","Poaceae","Hordeum","Single ID","Wild"
"Hordeum murinum/bulbosum","Poaceae","Hordeum","Multi ID","Wild"
"Hordeum spontaneum","Poaceae","Hordeum","Single ID","Crop Progenitor"
"Hordeum spontaneum/bulbosum","Poaceae","Hordeum","Multi ID","Progenitor/Wild"
"Hordeum vulgare","Poaceae","Hordeum","Single ID","Domesticated crop"
"Hordeum vulgare distichum","Poaceae","Hordeum","Single ID","Domesticated crop"
"Hordeum vulgare hexastichum","Poaceae","Hordeum","Single ID","Domesticated crop"
"Hordeum vulgare var. coeleste","Poaceae","Hordeum","Single ID","Domesticated crop"
"Hordeum vulgare var. nudum","Poaceae","Hordeum","Single ID","Domesticated crop"
"Hordeum vulgare var. nudum/spontaneum","Poaceae","Hordeum","Multi ID","Domesticated crop"
"Hordeum vulgare/spontaneum","Poaceae","Hordeum","Multi ID","Crop Domesticate/Progenitor"
"Hordeum/Aegilops","Poaceae","Hordeum/Aegilops","Multi ID","Wild"
"Hordeum/Bromus","Poaceae","Hordeum/Bromus","Multi ID","Wild"
"Hordeum/Elymus","Poaceae","Hordeum/Elymus","Multi ID","Wild"
"Hordeum/Lolium","Poaceae","Hordeum/Lolium","Multi ID","Wild"
"Hordeum/Secale","Poaceae","Hordeum/Secale","Multi ID","Presumed Crop Domesticate/Progenitor"
"Hordeum/Taeniatherum","Poaceae","Hordeum/Taeniatherum","Multi ID","Wild"
"Hymenocarpos circinnatus","Fabaceae","Hymenocarpos","Single ID","Wild"
"Hymenocarpos circinnatus/Hippocrepis multisilquosal unisilquosa","Fabaceae","Hymenocarpos/Hippocrepis","Multi ID","Wild"
"Hyoscyamus","Solanaceae","Hyoscyamus","Single ID","Wild"
"Hyoscyamus reticulatus","Solanaceae","Hyoscyamus","Single ID","Wild"
"Hypecoum","Papaveraceae","Hypecoum","Single ID","Wild"
"Hypericum","Hypericaceae","Hypericum","Single ID","Wild"
"Imperata","Poaceae","Imperata","Single ID","Wild"
"Imperata/Saccharum","Poaceae","Imperata/Saccharum","Multi ID","Wild"
"Isatis","Brassicaceae","Isatis","Single ID","Wild"
"Juglans","Juglandaceae","Juglans","Single ID","Wild"
"Juglans regia","Juglandaceae","Juglans","Single ID","Wild"
"Juncus","Juncaceae","Juncus","Single ID","Wild"
"Juniperus","Cupressaceae","Juniperus","Single ID","Wild"
"Koeleria","Poaceae","Koeleria","Single ID","Wild"
"Krascheninnikovia ceratoides","Amaranthaceae","Krascheninnikovia","Single ID","Wild"
"Lactuca","Asteraceae","Lactuca","Single ID","Wild"
"Lallemantia","Lamiaceae","Lallemantia","Single ID","Wild"
"Lallemantia peltata","Lamiaceae","Lallemantia","Single ID","Wild"
"Lamiaceae","Lamiaceae","Above Genus ID","Single ID","Wild"
"Lamium","Lamiaceae","Lamium","Single ID","Wild"
"Lathyrus","Fabaceae","Lathyrus","Single ID","Wild"
"Lathyrus aphaca","Fabaceae","Lathyrus","Single ID","Wild"
"Lathyrus cicera","Fabaceae","Lathyrus","Single ID","Wild"
"Lathyrus cicera/sativus","Fabaceae","Lathyrus","Multi ID","Presumed Crop Domesticate/Progenitor"
"Lathyrus hierosolymitanus","Fabaceae","Lathyrus","Single ID","Wild"
"Lathyrus hirsutus","Fabaceae","Lathyrus","Single ID","Wild"
"Lathyrus inconspicuous","Fabaceae","Lathyrus","Single ID","Wild"
"Lathyrus nissolia","Fabaceae","Lathyrus","Single ID","Wild"
"Lathyrus sativus","Fabaceae","Lathyrus","Single ID","Domesticated crop"
"Lathyrus sect. Cicercula","Fabaceae","Lathyrus","Single ID","Wild"
"Lavatera","Malvaceae","Lavatera","Single ID","Wild"
"Lemna","Araceae","Lemna","Single ID","Wild"
"Lens","Fabaceae","Lens","Single ID","Presumed Crop Domesticate/Progenitor"
"Lens culinaris","Fabaceae","Lens","Single ID","Domesticated crop"
"Lens orientalis","Fabaceae","Lens","Single ID","Crop Progenitor"
"Lens orientalis/culinaris","Fabaceae","Lens","Multi ID","Crop Domesticate/Progenitor"
"Lepidium","Brassicaceae","Lepidium","Single ID","Wild"
"Lepidium perfoliatum","Brassicaceae","Lepidium","Single ID","Wild"
"Lepidium ruderale","Brassicaceae","Lepidium","Single ID","Wild"
"Lepidium/Camelina","Brassicaceae","Lepidium/Camelina","Multi ID","Wild"
"Lepidium/Sisymbrium","Brassicaceae","Lepidium/Sisymbrium","Multi ID","Wild"
"Liliaceae","Liliaceae","Above Genus ID","Single ID","Wild"
"Linum","Linaceae","Linum","Single ID","Likely crop/progenitor"
"Linum bienne","Linaceae","Linum","Single ID","Crop progenitor"
"Linum bienne/usitatissimum","Linaceae","Linum","Multi ID","Domesticate/Crop progenitor"
"Linum mucronatum","Linaceae","Linum","Single ID","Wild"
"Linum usitatissimum","Linaceae","Linum","Single ID","Domesticate crop"
"Lithospermum","Boraginaceae","Lithospermum","Single ID","Wild"
"Lithospermum officinale","Boraginaceae","Lithospermum","Single ID","Wild"
"Lolium","Poaceae","Lolium","Single ID","Wild"
"Lolium perenne/rigidum","Poaceae","Lolium","Multi ID","Wild"
"Lolium rigidum","Poaceae","Lolium","Single ID","Wild"
"Lolium temulentum","Poaceae","Lolium","Single ID","Wild"
"LSLEG","Fabaceae","Pisum/Vicia/Lathyrus","Single ID","Presumed Crop Domesticate/Progenitor"
"Lupinus","Fabaceae","Lupinus","Single ID","Wild"
"Lupinus angustifolius","Fabaceae","Lupinus","Single ID","Wild"
"Lupinus pilosus","Fabaceae","Lupinus","Single ID","Wild"
"Lycium","Solanaceae","Lycium","Single ID","Wild"
"Lycopus","Lamiaceae","Lycopus","Single ID","Wild"
"Malcolmia","Brassicaceae","Malcolmia","Single ID","Wild"
"Malva","Malvaceae","Malva","Single ID","Wild"
"Malva nicaeensis","Malvaceae","Malva","Single ID","Wild"
"Malva nicaensis/sylvestris","Malvaceae","Malva","Multi ID","Wild"
"Malva parviflora","Malvaceae","Malva","Single ID","Wild"
"Malva parviflora/nicaeensis","Malvaceae","Malva","Multi ID","Wild"
"Malva sylvestris","Malvaceae","Malva","Single ID","Wild"
"Malvaceae","Malvaceae","Above Genus ID","Single ID","Wild"
"Matricaria","Asteraceae","Matricaria","Single ID","Wild"
"Medicago","Fabaceae","Medicago","Single ID","Wild"
"Medicago gousse","Fabaceae","Medicago","Single ID","Wild"
"Medicago laciniata","Fabaceae","Medicago","Single ID","Wild"
"Medicago minima","Fabaceae","Medicago","Single ID","Wild"
"Medicago polymorpha","Fabaceae","Medicago","Single ID","Wild"
"Medicago radiata","Fabaceae","Medicago","Single ID","Wild"
"Medicago/Trifolium","Fabaceae","Medicago/Trifolium","Multi ID","Wild"
"Melica persica","Poaceae","Melica","Single ID","Wild"
"Melilotus","Fabaceae","Melilotus","Single ID","Wild"
"Melilotus indicus","Fabaceae","Melilotus","Single ID","Wild"
"Melilotus/Trifolium","Fabaceae","Melilotus/Trifolium","Multi ID","Wild"
"Mercurialis annua","Euphorbiaceae","Mercurialis","Single ID","Wild"
"Mesembryanthemum nodiflorum","Aizoaceae","Mesembryanthemum","Single ID","Wild"
"Micromeria","Lamiaceae","Micromeria","Single ID","Wild"
"Minuartia","Caryophyllaceae","Minuartia","Single ID","Wild"
"Minuartia rubella","Caryophyllaceae","Minuartia","Single ID","Wild"
"Moltkia coerulea","Boraginaceae","Moltkia","Single ID","Wild"
"Moraceae","Moraceae","Above Genus ID","Single ID","Wild"
"Muscari","Liliaceae","Muscari","Single ID","Wild"
"Muscari/Ornithogalum","Liliaceae/Asparagaceae","Muscari/Ornithogalum","Multi ID","Wild"
"Nepeta","Lamiaceae","Nepeta","Single ID","Wild"
"Neslia","Brassicaceae","Neslia","Single ID","Wild"
"Neslia paniculata/apiculata","Brassicaceae","Neslia","Multi ID","Wild"
"Nigella","Ranunculaceae","Nigella","Single ID","Wild"
"Nitraria schoberi","Nitrariaceae","Nitraria","Single ID","Wild"
"Noaea mucronata/Salsola","Amaranthaceae","Noaea","Multi ID","Wild"
"Notobasis syriaca","Asteraceae","Notobasis","Single ID","Wild"
"Olea","Oleaceae","Olea","Single ID","Wild"
"Olea europea","Oleaceae","Olea","Single ID","Wild"
"Onobrychis","Fabaceae","Onobrychis","Single ID","Wild"
"Onobrychis crista-galli","Fabaceae","Onobrychis","Single ID","Wild"
"Ononis","Fabaceae","Ononis","Single ID","Wild"
"Ononis serrata","Fabaceae","Ononis","Single ID","Wild"
"Onopordum","Asteraceae","Onopordum","Single ID","Wild"
"Onosma albo-roseum","Boraginaceae","Onosma","Single ID","Wild"
"Onosma gigantea","Boraginaceae","Onosma","Single ID","Wild"
"Onosma orientalis","Boraginaceae","Onosma","Single ID","Wild"
"Ornithogalum","Asparagaceae","Ornithogalum","Single ID","Wild"
"Paniceae","Poaceae","Paniceae","Single ID","Wild"
"Panicoid","Poaceae","Above Genus ID","Single ID","Wild"
"Panicum","Poaceae","Panicum","Single ID","Wild"
"Panicum/Setaria","Poaceae","Panicum/Setaria","Multi ID","Wild"
"Papaver","Papaveraceae","Papaver","Single ID","Wild"
"Papaver setigerum","Papaveraceae","Papaver","Single ID","Wild"
"Papaveraceae","Papaveraceae","Above Genus ID","Single ID","Wild"
"Parenchyma",,"Above Genus ID","Single ID","Wild"
"Peganum harmala","Nitrariaceae","Peganum","Single ID","Wild"
"Phalaris","Poaceae","Phalaris","Single ID","Wild"
"Phalaris paradoxa","Poaceae","Phalaris","Single ID","Wild"
"Phalaris tuberosa","Poaceae","Phalaris","Single ID","Wild"
"Phleum","Poaceae","Phleum","Single ID","Wild"
"Phlomis","Lamiaceae","Phlomis","Single ID","Wild"
"Phoenix theophrasti","Arecaceae","Phoenix","Single ID","Wild"
"Phragmites australis","Poaceae","Phragmites","Single ID","Wild"
"Pinus halepensis","Pinaceae","Pinus","Single ID","Wild"
"Piptatherum","Poaceae","Piptatherum","Single ID","Wild"
"Piptatherum holciforme","Poaceae","Piptatherum","Single ID","Wild"
"Piptatherum miliaceum","Poaceae","Piptatherum","Single ID","Wild"
"Pistacia","Anacardiaceae","Pistacia","Single ID","Wild"
"Pistacia atlantica","Anacardiaceae","Pistacia","Single ID","Wild"
"Pistacia atlantica/khinjuk","Anacardiaceae","Pistacia","Multi ID","Wild"
"Pistacia atlantica/palaestina","Anacardiaceae","Pistacia","Multi ID","Wild"
"Pistacia atlantica/terebinthus","Anacardiaceae","Pistacia","Multi ID","Wild"
"Pistacia lentiscus","Anacardiaceae","Pistacia","Single ID","Wild"
"Pistacia palaestina","Anacardiaceae","Pistacia","Single ID","Wild"
"Pistacia terebinthus","Anacardiaceae","Pistacia","Single ID","Wild"
"Pistacia/Celtis","Anacardiaceae/Ulmaceae","Pistacia/Celtis","Multi ID","Wild"
"Pisum","Fabaceae","Pisum","Single ID","Presumed Crop Domesticate/Progenitor"
"Pisum elatius","Fabaceae","Pisum","Single ID","Crop Progenitor"
"Pisum fulvum/Vicia narbonensis/peregrina","Fabaceae","Pisum","Multi ID","Wild"
"Pisum fulvum/Vicia palaestina","Fabaceae","Pisum","Multi ID","Wild"
"Pisum sativum","Fabaceae","Pisum","Single ID","Domesticated crop"
"Pisum/Vicia/Lathyrus","Fabaceae","Pisum/Vicia/Lathyrus","Multi ID","Presumed Crop Domesticate/Progenitor"
"Plantago","Plantaginaceae","Plantago","Single ID","Wild"
"Plantago amplexicaulis","Plantaginaceae","Plantago","Single ID","Wild"
"Plantago coronopus","Plantaginaceae","Plantago","Single ID","Wild"
"Plantago lagopus","Plantaginaceae","Plantago","Single ID","Wild"
"Plantago lanceolata","Plantaginaceae","Plantago","Single ID","Wild"
"Plantago major","Plantaginaceae","Plantago","Single ID","Wild"
"Plantago notata/ovata","Plantaginaceae","Plantago","Multi ID","Wild"
"Plantago ovata","Plantaginaceae","Plantago","Single ID","Wild"
"Plantago ovata/lanceolata","Plantaginaceae","Plantago","Multi ID","Wild"
"Plantago psyllium","Plantaginaceae","Plantago","Single ID","Wild"
"Plantago squarrosa","Plantaginaceae","Plantago","Single ID","Wild"
"Poa","Poaceae","Poa","Single ID","Wild"
"Poa bulbosa","Poaceae","Poa","Single ID","Wild"
"Poa bulbosa ssp. Vivipara","Poaceae","Poa","Single ID","Wild"
"Poaceae","Poaceae","Above Genus ID","Single ID","Wild"
"Poaceae (small-seeded)","Poaceae","Above Genus ID","Single ID","Wild"
"Polygonaceae","Polygonaceae","Above Genus ID","Single ID","Wild"
"Polygonatum","Asparagaceae","Polygonatum","Single ID","Wild"
"Polygonum","Polygonaceae","Polygonum","Single ID","Wild"
"Polygonum aviculare","Polygonaceae","Polygonum","Single ID","Wild"
"Polygonum convolvulus","Polygonaceae","Polygonum","Single ID","Wild"
"Polygonum corrigioloides","Polygonaceae","Polygonum","Single ID","Wild"
"Polygonum lapathifolium","Polygonaceae","Polygonum","Single ID","Wild"
"Polygonum persicaria","Polygonaceae","Polygonum","Single ID","Wild"
"Polygonum venantianum","Polygonaceae","Polygonum","Single ID","Wild"
"Polygonum/Rumex","Polygonaceae","Polygonum/Rumex","Multi ID","Wild"
"Portulaca","Portulacaceae","Portulaca","Single ID","Wild"
"Portulaca oleracea","Portulacaceae","Portulaca","Single ID","Wild"
"Potamogeton","Potamogetonaceae","Potamogeton","Single ID","Wild"
"Potamogeton pectinatus","Potamogetonaceae","Potamogeton","Single ID","Wild"
"Potentilla","Rosaceae","Potentilla","Single ID","Wild"
"Primulaceae","Primulaceae","Above Genus ID","Single ID","Wild"
"Prosopis","Fabaceae","Prosopis","Single ID","Wild"
"Prosopis farcta","Fabaceae","Prosopis","Single ID","Wild"
"Prosopis/Citrullus","Fabaceae/Cucurbitaceae","Prosopis/Citrullus","Multi ID","Wild"
"Prunus","Rosaceae","Prunus","Single ID","Wild"
"Prunus argentea","Rosaceae","Prunus","Single ID","Wild"
"Prunus divaricata","Rosaceae","Prunus","Single ID","Wild"
"Prunus divaricata/argentea","Rosaceae","Prunus","Multi ID","Wild"
"Prunus dulcis","Rosaceae","Prunus","Single ID","Wild"
"Prunus dulcis/korshinskyi","Rosaceae","Prunus","Multi ID","Wild"
"Prunus microcarpa","Rosaceae","Prunus","Single ID","Wild"
"Prunus spinosa","Rosaceae","Prunus","Single ID","Wild"
"Prunus webbii/argentea","Rosaceae","Prunus","Multi ID","Wild"
"Psilurus","Poaceae","Psilurus","Single ID","Wild"
"Psilurus incurvus","Poaceae","Psilurus","Single ID","Wild"
"Psilurus/Parapholis","Poaceae","Psilurus/Parapholis","Multi ID","Wild"
"Puccinellia convoluta","Poaceae","Puccinellia","Single ID","Wild"
"Punica","Lythraceae","Punica","Single ID","Wild"
"Punica granatum","Lythraceae","Punica","Single ID","Wild"
"Pyrus","Rosaceae","Pyrus","Single ID","Wild"
"Pyrus syriaca","Rosaceae","Pyrus","Single ID","Wild"
"Pyrus/Malus","Rosaceae","Pyrus/Malus","Multi ID","Wild"
"Quercus","Fagaceae","Quercus","Single ID","Wild"
"Quercus bruntii/boissieri/libant","Fagaceae","Quercus","Multi ID","Wild"
"Quercus ithaburensis","Fagaceae","Quercus","Single ID","Wild"
"Ranunculus","Ranunculaceae","Ranunculus","Single ID","Wild"
"Ranunculus acris","Ranunculaceae","Ranunculus","Single ID","Wild"
"Ranunculus sceleratus","Ranunculaceae","Ranunculus","Single ID","Wild"
"Raphanus raphanistrum","Brassicaceae","Raphanus","Single ID","Wild"
"Reboudia pinnata","Brassicaceae","Reboudia","Single ID","Wild"
"Reseda","Resedaceae","Reseda","Single ID","Wild"
"Reseda lutea","Resedaceae","Reseda","Single ID","Wild"
"Retama raetam","Fabaceae","Retama","Single ID","Wild"
"Rhus coriaria","Anacardiaceae","Rhus","Single ID","Wild"
"Rosa","Rosaceae","Rosa","Single ID","Wild"
"Rosaceae","Rosaceae","Above Genus ID","Single ID","Wild"
"Rubiaceae","Rubiaceae","Above Genus ID","Single ID","Wild"
"Rubus","Rosaceae","Rubus","Single ID","Wild"
"Rubus sanguineus","Rosaceae","Rubus","Single ID","Wild"
"Rubus sanguineus/canescens","Rosaceae","Rubus","Multi ID","Wild"
"Rumex","Polygonaceae","Rumex","Single ID","Wild"
"Rumex acetocella","Polygonaceae","Rumex","Single ID","Wild"
"Rumex pulcher","Polygonaceae","Rumex","Single ID","Wild"
"Ruppia cirrhosa/maritima","Ruppiaceae","Ruppia","Multi ID","Wild"
"Salsola","Amaranthaceae","Salsola","Single ID","Wild"
"Salsola kali","Amaranthaceae","Salsola","Single ID","Wild"
"Salsola/Suaeda","Amaranthaceae","Salsola/Suaeda","Multi ID","Wild"
"Salsoleae","Amaranthaceae","Above Genus ID","Single ID","Wild"
"Salvia cryptantha","Lamiaceae","Salvia","Single ID","Wild"
"Saponaria","Caryophyllaceae","Saponaria","Single ID","Wild"
"Schoenoplectus","Cyperaceae","Schoenoplectus","Single ID","Wild"
"Schoenoplectus triquetius","Cyperaceae","Schoenoplectus","Single ID","Wild"
"Schoenus nigricans","Cyperaceae","Schoenus","Single ID","Wild"
"Scirpus","Cyperaceae","Scirpus","Single ID","Wild"
"Scirpus lacustris","Cyperaceae","Scirpus","Single ID","Wild"
"Scirpus littoralis","Cyperaceae","Scirpus","Single ID","Wild"
"Scirpus tabernaemontani","Cyperaceae","Scirpus","Single ID","Wild"
"Scleranthus","Caryophyllaceae","Scleranthus","Single ID","Wild"
"Scorpiurus","Fabaceae","Scorpiurus","Single ID","Wild"
"Scorpiurus muricatus","Fabaceae","Scorpiurus","Single ID","Wild"
"Scrophularia","Scrophulariaceae","Scrophularia","Single ID","Wild"
"Scrophulariaceae","Scrophulariaceae","Above Genus ID","Single ID","Wild"
"Secale","Poaceae","Secale","Single ID","Presumed Crop Domesticate/Progenitor"
"Secale cereale","Poaceae","Secale","Single ID","Domesticated crop"
"Secale cereale ssp. Segetale","Poaceae","Secale","Single ID","Wild"
"Secale cereale ssp.vavilovii","Poaceae","Secale","Single ID","Wild"
"Secale montanum","Poaceae","Secale","Single ID","Crop Progenitor"
"Secale montanum/cereale var vavilovii","Poaceae","Secale","Multi ID","Progenitor/Wild"
"Secale montanum/cereale var vavilovii/Hordeum","Poaceae","Secale","Multi ID","Crop Domesticate/Progenitor"
"Senecio glaucus","Asteraceae","Senecio","Single ID","Wild"
"Setaria","Poaceae","Setaria","Single ID","Wild"
"Setaria/Digitaria","Poaceae","Setaria/Digitaria","Multi ID","Wild"
"Sherardia","Rubiaceae","Sherardia","Single ID","Wild"
"Sherardia arvensis","Rubiaceae","Sherardia","Single ID","Wild"
"Sideritis","Lamiaceae","Sideritis","Single ID","Wild"
"Silene","Caryophyllaceae","Silene","Single ID","Wild"
"Silene aegyptiaca","Caryophyllaceae","Silene","Single ID","Wild"
"Silene arabica","Caryophyllaceae","Silene","Single ID","Wild"
"Silene colorata","Caryophyllaceae","Silene","Single ID","Wild"
"Silene dichotoma","Caryophyllaceae","Silene","Single ID","Wild"
"Silene/Gypsophila","Caryophyllaceae","Silene","Multi ID","Wild"
"Silybum marianum","Asteraceae","Silybum","Single ID","Wild"
"Sisymbrium","Brassicaceae","Sisymbrium","Single ID","Wild"
"Solanaceae","Solanaceae","Above Genus ID","Single ID","Wild"
"Solanum","Solanaceae","Solanum","Single ID","Wild"
"Solanum dulcamara","Solanaceae","Solanum","Single ID","Wild"
"Solanum nigrum","Solanaceae","Solanum","Single ID","Wild"
"Sophora","Fabaceae","Sophora","Single ID","Wild"
"Spergularia","Caryophyllaceae","Spergularia","Single ID","Wild"
"Spergularia arvensis","Caryophyllaceae","Spergularia","Single ID","Wild"
"Sporobolus","Poaceae","Sporobolus","Single ID","Wild"
"SSLEG","Fabaceae","Astragalus/Medicago/Melilotus/Ononis/Trifolium/Trigonella","Single ID","Wild"
"Stachys","Lamiaceae","Stachys","Single ID","Wild"
"Stellaria","Caryophyllaceae","Stellaria","Single ID","Wild"
"Stipa","Poaceae","Stipa","Single ID","Wild"
"Stipa barbata/lagascae","Poaceae","Stipa","Multi ID","Wild"
"Stipa capensis","Poaceae","Stipa","Single ID","Wild"
"Stipa gigantea","Poaceae","Stipa","Single ID","Wild"
"Stipa lagascae/hohenackeriana/barbata","Poaceae","Stipa","Multi ID","Wild"
"Stipa parviflora/capensis","Poaceae","Stipa","Multi ID","Wild"
"Stipa/Stipagrostis","Poaceae","Stipa/Stipagrostis","Multi ID","Wild"
"Stipagrostis obtusa","Poaceae","Stipagrostis","Single ID","Wild"
"Stipagrostis plumosa","Poaceae","Stipagrostis","Single ID","Wild"
"Styrax officinalis","Styracaceae","Styrax","Single ID","Wild"
"Suaeda","Amaranthaceae","Suaeda","Single ID","Wild"
"Suaeda fruticosa","Amaranthaceae","Suaeda","Single ID","Wild"
"Suaeda palaestina","Amaranthaceae","Suaeda","Single ID","Wild"
"Suaeda palaestina/fruticosa","Amaranthaceae","Suaeda","Multi ID","Wild"
"Suaeda/Scirpus maritimus","Amaranthaceae/Cyperaceae","Suaeda/Scirpus","Multi ID","Wild"
"Taeniatherum","Poaceae","Taeniatherum","Single ID","Wild"
"Taeniatherum caput-medusae","Poaceae","Taeniatherum","Single ID","Wild"
"Taeniatherum caput-medusae/crinitum","Poaceae","Taeniatherum","Multi ID","Wild"
"Teucrium","Lamiaceae","Teucrium","Single ID","Wild"
"Teucrium botrys","Lamiaceae","Teucrium","Single ID","Wild"
"Thlaspi","Brassicaceae","Thlaspi","Single ID","Wild"
"Thymelaea","Thymelaeaceae","Thymelaea","Single ID","Wild"
"Thymelaea hirsuta","Thymelaeaceae","Thymelaea","Single ID","Wild"
"Thymelaea passerina","Thymelaeaceae","Thymelaea","Single ID","Wild"
"Thymelaeaceae","Thymelaeaceae","Thymelaea","Single ID","Wild"
"Torilis","Apiaceae","Torilis","Single ID","Wild"
"Torilis nodosa","Apiaceae","Torilis","Single ID","Wild"
"Torularia torulosa","Brassicaceae","Torularia","Single ID","Wild"
"Tragopogon","Asteraceae","Tragoporon","Single ID","Wild"
"Tragus","Poaceae","Tragus","Single ID","Wild"
"Tribulus terrestris","Zygophyllaceae","Tribulus","Single ID","Wild"
"Trifolieae","Fabaceae","Medicago/Melilotus/Ononis/Trifolium/Trigonella","Single ID","Wild"
"Trifolieae/Astragalus","Fabaceae","Astragalus/Medicago/Melilotus/Ononis/Trifolium/Trigonella","Multi ID","Wild"
"Trifolium","Fabaceae","Trifolium","Single ID","Wild"
"Trigonella","Fabaceae","Trigonella","Single ID","Wild"
"Trigonella arabica/schlumbergeri","Fabaceae","Trigonella","Multi ID","Wild"
"Trigonella astroites","Fabaceae","Trigonella","Single ID","Wild"
"Trigonella noeana","Fabaceae","Trigonella","Single ID","Wild"
"Trigonella sibthorpii","Fabaceae","Trigonella","Single ID","Wild"
"Triticum","Poaceae","Triticum","Single ID","Presumed Crop Domesticate/Progenitor"
"Triticum aestivocompactum","Poaceae","Triticum","Single ID","Domesticated crop"
"Triticum aestivocompactum/durocompactum","Poaceae","Triticum","Multi ID","Domesticated crop"
"Triticum aestivum","Poaceae","Triticum","Single ID","Domesticated crop"
"Triticum aestivum/dicoccum","Poaceae","Triticum","Multi ID","Domesticated crop"
"Triticum aestivum/durum","Poaceae","Triticum","Multi ID","Domesticated crop"
"Triticum aestivum/monococcum","Poaceae","Triticum","Multi ID","Domesticated crop"
"Triticum boeoticum","Poaceae","Triticum","Single ID","Crop Progenitor"
"Triticum boeoticum aegilopoides","Poaceae","Triticum","Single ID","Crop Progenitor"
"Triticum boeoticum thaoudar","Poaceae","Triticum","Single ID","Crop Progenitor"
"Triticum boeoticum/Aegilops","Poaceae","Triticum","Multi ID","Presumed Crop Domesticate/Progenitor"
"Triticum boeoticum/diccocoides/monococcum/dicoccum","Poaceae","Triticum","Multi ID","Crop Domesticate/Progenitor"
"Triticum boeoticum/dicoccoides","Poaceae","Triticum","Multi ID","Crop Progenitor"
"Triticum boeoticum/dicoccum","Poaceae","Triticum","Multi ID","Crop Domesticate/Progenitor"
"Triticum boeoticum/Secale","Poaceae","Triticum","Multi ID","Presumed Crop Domesticate/Progenitor"
"Triticum boeoticum/Secale montanum","Poaceae","Triticum","Multi ID","Crop Progenitor"
"Triticum boeoticum/Secale montanum/vavilovii","Poaceae","Triticum","Multi ID","Progenitor/Wild"
"Triticum boeoticum/urartu","Poaceae","Triticum","Multi ID","Progenitor/Wild"
"Triticum dicoccoides","Poaceae","Triticum","Single ID","Crop Progenitor"
"Triticum dicoccoides/dicoccum","Poaceae","Triticum","Multi ID","Crop Domesticate/Progenitor"
"Triticum dicoccum","Poaceae","Triticum","Single ID","Domesticated crop"
"Triticum dicoccum/durum","Poaceae","Triticum","Multi ID","Domesticated crop"
"Triticum dicoccum/monococcum","Poaceae","Triticum","Multi ID","Domesticated crop"
"Triticum dicoccum/spelta","Poaceae","Triticum","Multi ID","Domesticated crop"
"Triticum durum","Poaceae","Triticum","Single ID","Domesticated crop"
"Triticum monococcum","Poaceae","Triticum","Single ID","Domesticated crop"
"Triticum monococcum/boeoticum","Poaceae","Triticum","Multi ID","Crop Domesticate/Progenitor"
"Triticum parvicoccum","Poaceae","Triticum","Single ID","Wild"
"Triticum spelta","Poaceae","Triticum","Single ID","Domesticated crop"
"Triticum timopheevi","Poaceae","Triticum","Single ID","Wild"
"Triticum turgidum","Poaceae","Triticum","Single ID","Crop Domesticate/Progenitor"
"Triticum/Aegilops","Poaceae","Triticum/Aegilops","Multi ID","Presumed Crop Domesticate/Progenitor"
"Triticum/Hordeum","Poaceae","Triticum/Hordeum","Multi ID","Presumed Crop Domesticate/Progenitor"
"Triticum/Secale","Poaceae","Triticum/Secale","Multi ID","Crop progenitor"
"Typha","Typhaceae","Typha","Single ID","Wild"
"Umbelliferae","Apiaceae","Above Genus ID","Single ID","Wild"
"Unidentified",,"Above Genus ID","Single ID",".Indet"
"Urtica urens","Urticaceae","Urtica","Single ID","Wild"
"Urticaceae","Urticaceae","Above Genus ID","Multi ID","Wild"
"Vaccaria","Caryophyllaceae","Vaccaria","Single ID","Wild"
"Vaccaria pyramidata","Caryophyllaceae","Vaccaria","Single ID","Wild"
"Vaccaria segetalis","Caryophyllaceae","Vaccaria","Single ID","Wild"
"Valerianella","Valerianaceae","Valerianella","Single ID","Wild"
"Valerianella coronata","Valerianaceae","Valerianella","Single ID","Wild"
"Valerianella dentata","Valerianaceae","Valerianella","Single ID","Wild"
"Verbascum","Scrophulariaceae","Verbascum","Single ID","Wild"
"Verbena","Verbenaceae","Verbena","Single ID","Wild"
"Verbena officinalis","Verbenaceae","Verbena","Single ID","Wild"
"Vicia","Fabaceae","Vicia","Single ID","Wild"
"Vicia cuspidata/lathyroides","Fabaceae","Vicia","Multi ID","Wild"
"Vicia ervilia","Fabaceae","Vicia","Single ID","Domesticated crop"
"Vicia faba","Fabaceae","Vicia","Single ID","Domesticated crop"
"Vicia faba var. minuta","Fabaceae","Vicia","Single ID","Domesticated crop"
"Vicia faba/narbonense","Fabaceae","Vicia","Multi ID","Wild"
"Vicia laxiflora/tetrasperma","Fabaceae","Vicia","Multi ID","Wild"
"Vicia lutea/sativa/sericocarpa","Fabaceae","Vicia","Multi ID","Presumed Crop Domesticate/Progenitor"
"Vicia narbonense","Fabaceae","Vicia","Single ID","Wild"
"Vicia palaestina","Fabaceae","Vicia","Single ID","Wild"
"Vicia palaestina/sativa","Fabaceae","Vicia","Multi ID","Presumed Crop Domesticate/Progenitor"
"Vicia palaestina/villosa","Fabaceae","Vicia","Multi ID","Wild"
"Vicia peregrina","Fabaceae","Vicia","Single ID","Wild"
"Vicia pubescens","Fabaceae","Vicia","Single ID","Wild"
"Vicia sativa","Fabaceae","Vicia","Single ID","Domesticated crop"
"Vicia/Lathyrus","Fabaceae","Vicia/Lathyrus","Multi ID","Wild"
"Vicia/Pisum","Fabaceae","Vicia/Pisum","Multi ID","Wild"
"Viola","Violaceae","Viola","Single ID","Wild"
"Vitex agnus-castus","Lamiaceae","Vitex","Single ID","Wild"
"Vitis","Vitaceae","Vitis","Single ID","Presumed Crop Domesticate/Progenitor"
"Vitis sylvestris","Vitaceae","Vitis","Single ID","Wild"
"Vitis vinifera","Vitaceae","Vitis","Single ID","Wild"
"Vulpia","Poaceae","Vulpia","Single ID","Wild"
"Vulpia/Loliolum","Poaceae","Vulpia/Loliolum","Multi ID","Wild"
"Ziziphora","Lamiaceae","Ziziphora","Single ID","Wild"
"Ziziphora capitata","Lamiaceae","Ziziphora","Single ID","Wild"
"Ziziphora tenuir","Lamiaceae","Ziziphora","Single ID","Wild"
"Ziziphus spina-christi","Rhamnaceae","Ziziphus","Single ID","Wild"
"Zygophyllum fabago","Zygophyllaceae","Zygophyllum","Single ID","Wild"
