"TAXON_NAME","TAXON","FAMILY","GENUS","STATUS"
"Aaronsohnia factorovskyi","AAROFAC","Compositae","Aaronsohnia","wild"
"Abies alba","ABIEALB","Pinaceae","Abies","tree"
"Achillea spp.","ACHISPE","Compositae","Achillea","wild"
"Adonis aestivalis","ADONAES","Ranunculaceae","Adonis","wild"
"Adonis annua","ADONANN","Ranunculaceae","Adonis","wild"
"Adonis dentata [syn. A. microcarpa]","ADONDEN","Ranunculaceae","Adonis","wild"
"Adonis flammea","ADONFLA","Ranunculaceae","Adonis","wild"
"Adonis microcarpa [syn. A. dentata]","ADONMIC","Ranunculaceae","Adonis","wild"
"Adonis spp.","ADONSPE","Ranunculaceae","Adonis","wild"
"Aegilops geniculata/peregrina","AEGGEPE","Gramineae","Aegilops","wild grass"
"Aegilops crassa","AEGICRA","Gramineae","Aegilops","wild grass"
"Aegilops kotschyi","AEGIKOT","Gramineae","Aegilops","wild grass"
"Aegilops spp. grains","AEGISPE","Gramineae","Aegilops","wild grass"
"Aegilops speltoides glume bases","AEGISPG","Gramineae","Aegilops","wild grass"
"Aegilops speltoides spikelet forks","AEGISPS","Gramineae","Aegilops","wild grass"
"Aegilops speltoides grains","AEGISPT","Gramineae","Aegilops","wild grass"
"Aegilops umbellulata","AEGIUMB","Gramineae","Aegilops","wild grass"
"Aegilops spp. glume bases","AEGSPGB","Gramineae","Aegilops","wild grass"
"Aegilops spp. spikelet forks","AEGSPSF","Gramineae","Aegilops","wild grass"
"Aellinia autrani","AELLAUT","Chenopodiaceae","Aellinia","wild"
"Aeluropus spp.","AELUSPE","Gramineae","Aeluropus","wild grass"
"Agrimonia eupatoria","AGRIEUP","Rosaceae","Agrimonia","wild"
"Agrostemma spp.","AGRMSPE","Caryophyllaceae","Agrostemma","wild"
"Agrostemma githago","AGROGIT","Caryophyllaceae","Agrostemma","wild"
"Agrostis spp.","AGROSPE","Gramineae","Agrostis","wild grass"
"Aira spp.","AIRASPE","Gramineae","Aira","wild grass"
"Aizoon hispanicum","AIZOHIS","Aizoaceae","Aizoon","wild"
"Aizoon spp.","AIZOSPE","Aizoaceae","Aizoon","wild"
"Ajuga chamaepitys","AJUGCHA","Labiatae","Ajuga","wild"
"Ajuga genevensis","AJUGGEN","Labiatae","Ajuga","wild"
"Ajuga reptans","AJUGREP","Labiatae","Ajuga","wild"
"Ajuga spp.","AJUGSPE","Labiatae","Ajuga","wild"
"Alcea spp.","ALCESPE","Malvaceae","Alcea","wild"
"Alchemilla spp.","ALCHSPE","Rosaceae","Alchemilla","wild"
"Alismataceae indeterminate","ALISIND","Alismataceae",,
"Alkanna orientalis","ALKAORI","Boraginaceae","Alkanna","wild"
"Alkanna spp.","ALKASPE","Boraginaceae","Alkanna","wild"
"Allium ursinum","ALLIURS","Liliaceae","Allium","wild"
"Alopecurus spp.","ALOPSPE","Gramineae","Alopecurus","wild grass"
"Alopecurus utriculatus","ALOPUTR","Gramineae","Alopecurus","wild grass"
"Alyssum damascenus","ALYSDAM","Cruciferae","Alyssum","wild"
"Alyssum spp.","ALYSSPE","Cruciferae","Alyssum","wild"
"Amaranthus spp.","AMARSPE","Amaranthaceae","Amaranthus","wild"
"Ammi majus","AMMIMAJ","Umbelliferae","Ammi","wild"
"Ammophila arenaria","AMMOARE","Gramineae","Ammophila","wild grass"
"Amygdalus communis/korschinskii","AMYCOKO","Rosaceae","Amygdalus","tree"
"Amygdalus communis","AMYGCOM","Rosaceae","Amygdalus","tree"
"Amygdalus spp.","AMYGSPE","Rosaceae","Amygdalus","tree"
"Anabasis/Noaea spp.","ANABNOA","Chenopodiaceae",,"wild"
"Anagallis arvensis","ANAGARV","Primulaceae","Anagallis","wild"
"Anagallis spp.","ANAGSPE","Primulaceae","Anagallis","wild"
"Anchusa aegyptiaca/milleri","ANCAEMI","Boraginaceae","Anchusa","wild"
"Anchusa officinalis","ANCHOFF","Boraginaceae","Anchusa","wild"
"Anchusa spp.","ANCHSPE","Boraginaceae","Anchusa","wild"
"Androsace maxima","ANDRMAX","Primulaceae","Androsace","wild"
"Androsace spp.","ANDRSPE","Primulaceae","Androsace","wild"
"Anisantha/Bromus spp.","ANISBRO","Gramineae",,"wild grass"
"Anthemis pseudocotula","ANTHPSE","Compositae","Anthemis","wild"
"Anthemis spp.","ANTHSPE","Compositae","Anthemis","wild"
"Antirrhinum orontium","ANTIORO","Scrophulariaceae","Antirrhinum","wild"
"Anvillea garcinii","ANVIGAR","Compositae","Anvillea","wild"
"Aphanes arvensis","APHAARV","Rosaceae","Aphanes","wild"
"Aphanes microcarpa","APHAMIC","Rosaceae","Aphanes","wild"
"Aphanes spp.","APHASPE","Rosaceae","Aphanes","wild"
"Arabis/Cardamine spp.","ARABCAR","Cruciferae",,"wild"
"Arbutilon teophrastii","ARBUTEO","Malvaceae","Arbutilon","shrub"
"Arbutus unedo","ARBUUNE","Ericaceae","Arbutus","tree/shrub"
"Arctostaphylus uva-ursi","ARCOUVU","Ericaceae","Arctostaphylus","wild"
"Arctium lappa","ARCTLAP","Compositae","Arctium","wild"
"Arenaria/Minuartia spp.","ARENMIN","Caryophyllaceae",,"wild"
"Arenaria serpyllifolia","ARENSER","Caryophyllaceae","Arenaria","wild"
"Arenaria spp.","ARENSPE","Caryophyllaceae","Arenaria","wild"
"Arnebia decumbens","ARNEDEC","Boraginaceae","Arnebia","wild"
"Arnebia linearifolia","ARNELIN","Boraginaceae","Arnebia","wild"
"Arnebia spp.","ARNESPE","Boraginaceae","Arnebia","wild"
"Arrhenatherum elatius","ARRHELA","Gramineae","Arrhenatherum","wild grass"
"Artemisia annua","ARTEANN","Compositae","Artemisia","wild"
"Artemisia spp.","ARTESPE","Compositae","Artemisia","wild"
"Artemisia vulgaris","ARTEVUL","Compositae","Artemisia","wild"
"Asclepiadaceae indeterminate","ASCLIND","Asclepiadaceae",,
"Asparagus spp.","ASPASPE","Liliaceae","Asparagus","wild"
"Asperula arvensis","ASPEARV","Rubiaceae","Asperula","wild"
"Asperula/Galium spp.","ASPEGAL","Rubiaceae",,"wild"
"Asperula spp.","ASPESPE","Rubiaceae","Asperula","wild"
"Asphodelus spp.","ASPHSPE","Liliaceae","Asphodelus","wild"
"Asterolinon linum-stellatum","ASTELIS","Primulaceae","Asterolinon","wild"
"Astragalus callichrous","ASTRCAL","Leguminosae","Astragalus","wild"
"Astragalus glycyphyllos","ASTRGLY","Leguminosae","Astragalus","wild"
"Astragalus spp.","ASTRSPE","Leguminosae","Astragalus","wild"
"Atriplex lasiantha","ATRILAS","Chenopodiaceae","Atriplex","wild"
"Atriplex leucoclada","ATRILEU","Chenopodiaceae","Atriplex","wild"
"Atriplex littoralis","ATRILIT","Chenopodiaceae","Atriplex","wild"
"Atriplex patula","ATRIPAT","Chenopodiaceae","Atriplex","wild"
"Atriplex rosea","ATRIROS","Chenopodiaceae","Atriplex","wild"
"Atriplex spp.","ATRISPE","Chenopodiaceae","Atriplex","wild"
"Atriplex tatarica","ATRITAT","Chenopodiaceae","Atriplex","wild"
"Atropa bella-donna","ATROBED","Solanaceae","Atropa","wild"
"Avena barbata","AVENBAR","Gramineae","Avena","wild grass"
"Avena ludoviciana","AVENLUD","Gramineae","Avena","wild grass"
"Avena sativa","AVENSAT","Gramineae","Avena","domestic cereal"
"Avena spp.","AVENSPE","Gramineae","Avena","wild grass"
"Avena sterilis","AVENSTE","Gramineae","Avena","wild grass"
"Avena wiestii","AVENWIE","Gramineae","Avena","wild grass"
"Avena wiestii/barbata","AVEWIBA","Gramineae","Avena","wild grass"
"Bellevalia/Muscari spp.","BELLMUS","Liliaceae",,"wild"
"Bellevalia/Ornithogalum spp.","BELLORN","Liliaceae",,"wild"
"Bellevalia spp.","BELLSPE","Liliaceae","Bellevalia","wild"
"Beta spp.","BETASPE","Chenopodiaceae","Beta","wild"
"Beta vulgaris","BETAVUL","Chenopodiaceae","Beta","wild/cultivated root crop"
"Betula spp.","BETUSPE","Betulaceae","Betula","tree"
"Bifora spp.","BIFOSPE","Umbelliferae","Bifora","wild"
"Boraginaceae indeterminate","BORAIND","Boraginaceae",,
"Brassica nigra","BRASNIG","Cruciferae","Brassica","wild/cultivated oil/root crop"
"Brassica/Sinapis spp.","BRASSIN","Cruciferae",,"wild"
"Brassica spp.","BRASSPE","Cruciferae","Brassica","wild"
"Bromus arvensis/hordeaceus","BROARHO","Gramineae","Bromus","wild grass"
"Bromus arvensis","BROMARV","Gramineae","Bromus","wild grass"
"Bromus hordeaceus","BROMHOR","Gramineae","Bromus","wild grass"
"Bromus mollis","BROMMOL","Gramineae","Bromus","wild grass"
"Bromus mollis/arvensis","BROMOAR","Gramineae","Bromus","wild grass"
"Bromus secalinus","BROMSEC","Gramineae","Bromus","wild grass"
"Bromus spp.","BROMSPE","Gramineae","Bromus","wild grass"
"Bromus sterilis","BROMSTE","Gramineae","Bromus","wild grass"
"Bromus tectorum","BROMTEC","Gramineae","Bromus","wild grass"
"Bromus secalinus/arvensis","BROSEAR","Gramineae","Bromus","wild grass"
"Bromus secalinus/hordeaceus","BROSEHO","Gramineae","Bromus","wild grass"
"Bromus secalinus/mollis","BROSEMO","Gramineae","Bromus","wild grass"
"Bromus sterilis/tectorum","BROSTTE","Gramineae","Bromus","wild grass"
"Bromus tectorum/erectus","BROTEER","Gramineae","Bromus","wild grass"
"Buglossoides arvensis","BUGLARV","Boraginaceae","Buglosssoides","wild"
"Buglossoides spp.","BUGLSPE","Boraginaceae","Buglossoides","wild"
"Buglossoides tenuiflora","BUGLTEN","Boraginaceae","Buglosssoides","wild"
"Bupleurum spp.","BUPLSPE","Umbelliferae","Bupleurum","wild"
"Bupleurum subovatum","BUPLSUB","Umbelliferae","Bupleurum","wild"
"Calendula arvensis","CALEARV","Compositae","Calendula","wild"
"Calendula spp.","CALESPE","Compositae","Calendula","wild"
"Calluna vulgaris","CALLVUL","Ericaceae","Calluna","wild"
"Caltha palustris","CALTPAL","Ranunculaceae","Caltha","wild"
"Camelina spp.","CAMESPE","Cruciferae","Camelina","wild"
"Campanulaceae indeterminate","CAMPIND","Campanulaceae",,
"Camphorosma monspeliaca","CAMPMON","Chenopodiaceae","Camphorosma","wild"
"Camphorosma spp.","CAMPSPE","Chenopodiaceae","Camphorosma","wild"
"Cannabis sativa","CANNSAT","Cannabiaceae","Cannabis","wild"
"Capparaceae indeterminate","CAPPIND","Capparaceae",,
"Capparis spp.","CAPPSPE","Capparaceae","Capparis","shrub"
"Capparis spinosa","CAPPSPI","Capparaceae","Capparis","shrub"
"Capsella bursa-pastoris","CAPSBUP","Cruciferae","Capsella","wild"
"Capsella spp.","CAPSSPE","Cruciferae","Capsella","wild"
"Carex divisa","CAREDIV","Cyperaceae","Carex","wild"
"Carex muricata","CAREMUR","Cyperaceae","Carex","wild"
"Carex rostrata","CAREROS","Cyperaceae","Carex","wild"
"Carex spp.","CARESPE","Cyperaceae","Carex","wild"
"Carpinus betulus","CARPBET","Betulaceae","Carpinus","tree"
"Carrichtera annua","CARRANN","Cruciferae","Carrichtera","wild"
"Carthamus spp.","CARTSPE","Compositae","Carthamus","wild"
"Carthamus tenuis","CARTTEN","Compositae","Carthamus","wild"
"Caryophyllaceae indeterminate","CARYIND","Caryophyllaceae",,
"Caryophyllaceae/Portulacaceae indeterminate","CARYPOR",,,
"Catabrosa aquatica","CATAAQU","Gramineae","Catabrosa","wild grass"
"Celtis australis","CELTAUS","Ulmaceae","Celtis","tree"
"Celtis spp.","CELTSPE","Ulmaceae","Celtis","tree"
"Celtis tournefortii","CELTTOU","Ulmaceae","Celtis","tree"
"Centaurea ammocyanus/pallescens","CENAMPA","Compositae","Centaurea","wild"
"Centaurea calcitrapa","CENTCAL","Compositae","Centaurea","wild"
"Centaurea/Cirsium spp.","CENTCIR","Compositae",,"wild"
"Centaurea spp.","CENTSPE","Compositae","Centaurea","wild"
"Cephalaria spp.","CEPHSPE","Dipsacaceae","Cephalaria","wild"
"Cephalaria syriaca","CEPHSYR","Dipsacaceae","Cephalaria","wild"
"Cerastium holosteoides","CERAHOL","Caryophyllaceae","Cerastium","wild"
"Ceratonia siliqua","CERASIL","Leguminosae","Ceratonia","tree"
"Cerastium spp.","CERASPE","Caryophyllaceae","Cerastium","wild"
"Cerastium/Stellaria spp.","CERASTE","Caryophyllaceae",,"wild"
"Cereal indeterminate basal culm","CERINDB","Gramineae",,"wild/domestic cereal"
"Cereal indeterminate culm","CERINDC","Gramineae",,"wild/domestic cereal"
"Cereal indeterminate grains","CERINDG","Gramineae",,"wild/domestic cereal"
"Ceratophyllum submersum","CERTSUB","Ceratophyllaceae","Ceratophyllum","wild"
"Cerasus spp.","CERUSPE","Rosaceae","Cerasus","tree"
"Chara spp.","CHARSPE","Characeae","Chara","wild"
"Chenopodium glaucum/rubrum","CHEGLRU","Chenopodiaceae","Chenopodium","wild"
"Chenopodium album","CHENALB","Chenopodiaceae","Chenopodium","wild"
"Chenopodium/Atriplex spp.","CHENATR","Chenopodiaceae",,"wild"
"Chenopodiaceae/Capparis/etc. spiral  embryo indeterminate","CHENCAP",,,
"Chenopodiaceae/Caryophyllaceae indeterminate","CHENCAR",,,
"Chenopodiaceae/incumbent Cruciferae indeterminate","CHENCRU",,,
"Chenopodium ficifolium","CHENFIC","Chenopodiaceae","Chenopodium","wild"
"Chenopodium foliosum","CHENFOL","Chenopodiaceae","Chenopodium","wild"
"Chenopodium glaucum","CHENGLA","Chenopodiaceae","Chenopodium","wild"
"Chenopodium hybridum","CHENHYB","Chenopodiaceae","Chenopodium","wild"
"Chenopodiaceae indeterminate","CHENIND","Chenopodiaceae",,
"Chenopodium murale","CHENMUR","Chenopodiaceae","Chenopodium","wild"
"Chenopodium polyspermum","CHENPOL","Chenopodiaceae","Chenopodium","wild"
"Chenopodium spp.","CHENSPE","Chenopodiaceae","Chenopodium","wild"
"Chloris spp.","CHLOSPE","Gramineae","Chloris","wild grass"
"Chrozophora spp.","CHROSPE","Euphorbiaceae","Chrozophora","wild"
"Chrysanthemum coronarium","CHRYCOR","Compositae","Chrysanthemum","wild"
"Cicer arietinum","CICEARI","Leguminosae","Cicer","domestic pulse"
"Cicer spp.","CICESPE","Leguminosae","Cicer","wild"
"Cirsium arvense","CIRSARV","Compositae","Cirsium","wild"
"Cirsium/Carduus spp.","CIRSCAR","Compositae",,"wild"
"Cirsium spp.","CIRSSPE","Compositae","Cirsium","wild"
"Cirsium vulgaris","CIRSVUL","Compositae","Cirsium","wild"
"Cistanche tubulosa","CISTTUB","Orobancheaceae","Cistanche","wild"
"Citrillus colocynthus","CITRCOL","Cucurbitaceae","Citrillus","wild"
"Cladium mariscus","CLADMAR","Cyperaceae","Cladium","wild"
"Claviceps purpurea","CLAVPUR",,,"fungus (ergot)"
"Clematis spp.","CLEMSPE","Ranunculaceae","Clematis","wild"
"Cleome ornithopodioides","CLEOORN","Capparaceae","Cleome","wild"
"Cleome spp.","CLEOSPE","Capparaceae","Cleome","wild"
"Clinopodium vulgare","CLINVUL","Labiatae","Clinopodium","wild"
"Colchicum/Polygonatum spp.","COLCPOL","Liliaceae",,"wild"
"Colutea spp.","COLUSPE","Leguminosae","Colutea","wild"
"Compositae indeterminate","COMPIND","Compositae",,
"Conopodium majus","CONOMAJ","Umbelliferae","Conopodium","wild"
"Convolvulus arvensis","CONVARV","Convolvulaceae","Convolvulus","wild"
"Convolvulus spp.","CONVSPE","Convolvulaceae","Convolvulus","wild"
"Cordia sinensis","CORDSIN","Boraginaceae","Cordia","wild"
"Coriandrum sativum","CORISAT","Umbelliferae","Coriander","wild"
"Coriandrum spp.","CORISPE","Umbelliferae","Coriandrum","wild"
"Cornus mas","CORNMAS","Cornaceae","Cornus","tree"
"Cornus sanguinea","CORNSAN","Cornaceae","Cornus","tree"
"Coronilla scorpioides","COROSCO","Leguminosae","Coronilla","wild"
"Coronilla spp.","COROSPE","Leguminosae","Coronilla","wild"
"Corylus avellana","CORYAVE","Betulaceae","Corylus","tree"
"Corydalis spp.","CORYSPE","Papaveraceae","Corydalis","wild"
"Crataegus monogyna","CRATMON","Rosaceae","Crataegus","tree"
"Crataegus oxyacanthoides","CRATOXY","Rosaceae","Crataegus","tree"
"Crataegus spp.","CRATSPE","Rosaceae","Crataegus","tree"
"Crepis spp.","CREPSPE","Compositae","Crepis","wild"
"Crithopsis deliliana","CRITDEL","Gramineae","Crithopsis","wild grass"
"Cruciferae indeterminate","CRUCIND","Cruciferae",,
"Crucianella spp.","CRUCSPE","Rubiaceae","Crucianella","wild"
"Crupina crupinastrum","CRUPCRU","Compositae","Crupina","wild"
"Crypsis spp.","CRYPSPE","Gramineae","Crypsis","wild grass"
"Cucurbitaceae indeterminate","CUCUIND","Cucurbitaceae",,
"Cupressus sempervirens","CUPRSEM","Cupressaceae","Cupressus","tree"
"Cuscuta spp.","CUSCSPE","Cuscutaceae","Cuscuta","wild"
"Cutandia spp.","CUTASPE","Gramineae","Cutandia","wild grass"
"Cynodon spp.","CYNOSPE","Gramineae","Cynodon","wild grass"
"Cyperaceae indeterminate","CYPEIND","Cyperaceae",,
"Cyperus spp.","CYPESPE","Cyperaceae","Cyperus","wild"
"Dactylis glomerata","DACTGLO","Gramineae","Dactylis","wild grass"
"Datura spp.","DATUSPE","Solanaceae","Datura","tree/shrub"
"Dianthus spp.","DIANSPE","Caryophyllaceae","Dianthus","wild"
"Dicotyledonous storage organs","DICOTSO",,,
"Digitaria ischaemum","DIGIISC","Gramineae","Digitaria","wild grass"
"Digitaria spp.","DIGISPE","Gramineae","Digitaria","wild grass"
"Dipsacaceae indeterminate","DIPSIND","Dipsacaceae",,
"Draba spp.","DRABSPE","Cruciferae","Draba","wild"
"Echinochloa crus-galli","ECHICRG","Gramineae","Echinochloa","wild grass"
"Echinochloa/Setaria spp.","ECHISET","Gramineae",,"wild grass"
"Echium spp.","ECHISPE","Boraginaceae","Echium","wild"
"Echinaria spp.","ECHNSPE","Gramineae","Echinaria","wild grass"
"Echinops spp.","ECHPSPE","Compositae","Echinops","wild"
"Eleocharis spp.","ELEOSPE","Cyperaceae","Eleocharis","wild"
"Eleocharis palustris/uniglumis","ELEPAUN","Cyperaceae","Eleocharis","wild"
"Elymus spp.","ELYMSPE","Gramineae","Elymus","wild grass"
"Emex spinosa","EMEXSPI","Polygonaceae","Emex","wild"
"Equisetum spp.","EQUISPE","Equisetaceae","Equisetum","wild"
"Eragrostis barrelieri","ERAGBAR","Gramineae","Eragrostis","wild grass"
"Eragrostis spp.","ERAGSPE","Gramineae","Eragrostis","wild grass"
"Eremopyrum bonaepartis","EREMBON","Gramineae","Eremopyrum","wild grass"
"Eremopyrum spp.","EREMSPE","Gramineae","Eremopyrum","wild grass"
"Ericaceae indeterminate","ERICIND","Ericaceae",,
"Erodium ciconium","ERODCIC","Geraniaceae","Erodium","wild"
"Erodium gruinum","ERODGRU","Geraniaceae","Erodium","wild"
"Erodium spp.","ERODSPE","Geraniaceae","Erodium","wild"
"Eruca spp.","ERUCSPE","Cruciferae","Eruca","wild"
"Erucaria microcarpa/rostrata","ERUMIRO","Cruciferae","Erucaria","wild"
"Erysimum cheiranthoides","ERYSCHE","Cruciferae","Erysimum","wild"
"Euclidium spp.","EUCLSPE","Cruciferae","Euclidium","wild"
"Euclidium syriacum","EUCLSYR","Cruciferae","Euclidium","wild"
"Euphorbia helioscopia","EUPHHEL","Euphorbiaceae","Euphorbia","wild"
"Euphorbiaceae indeterminate","EUPHIND","Euphorbiaceae",,
"Euphorbia spp.","EUPHSPE","Euphorbiaceae","Euphorbia","wild"
"Festuca/Lolium spp.","FESTLOL","Gramineae",,"wild grass"
"Festuca rubra","FESTRUB","Gramineae","Festuca","wild grass"
"Festuca spp.","FESTSPE","Gramineae","Festuca","wild grass"
"Ficus carica","FICUCAR","Moraceae","Ficus","tree"
"Ficus spp.","FICUSPE","Moraceae","Ficus","tree"
"Foeniculum spp.","FOENSPE","Umbelliferae","Foeniculum","wild"
"Fragaria/Potentilla spp.","FRAGPOT","Rosaceae",,"wild"
"Fragaria vesca","FRAGVES","Rosaceae","Fragaria","wild herb - fruit bearing"
"Fumaria densiflora","FUMADEN","Papaveraceae","Fumaria","wild"
"Fumaria officinalis","FUMAOFF","Papaveraceae","Fumaria","wild"
"Fumaria parviflora","FUMAPAR","Papaveraceae","Fumaria","wild"
"Fumaria spp.","FUMASPE","Papaveraceae","Fumaria","wild"
"Galeopsis bifida","GALEBIF","Labiatae","Galeopsis","wild"
"Galega officinalis","GALEOFF","Leguminosae","Galega","wild"
"Galeopsis spp.","GALESPE","Labiatae","Galeopsis","wild"
"Galeopsis tetrahit","GALETET","Labiatae","Galeopsis","wild"
"Galium aparine","GALIAPA","Rubiaceae","Galium","wild"
"Galium cruciata","GALICRU","Rubiaceae","Galium","wild"
"Galium mollugo","GALIMOL","Rubiaceae","Galium","wild"
"Galium palustre","GALIPAL","Rubiaceae","Galium","wild"
"Galium rivale","GALIRIV","Rubiaceae","Galium","wild"
"Galium spp.","GALISPE","Rubiaceae","Galium","wild"
"Galium spurium","GALISPU","Rubiaceae","Galium","wild"
"Galium tricornutum","GALITRI","Rubiaceae","Galium","wild"
"Galium verum","GALIVER","Rubiaceae","Galium","wild"
"Galium mollugo/verum","GALMOVE","Rubiaceae","Galium","wild"
"Gaudinopsis spp.","GAUDSPE","Gramineae","Gaudinopsis","wild grass"
"Geranium pusillum","GERAPUS","Geraniaceae","Geranium","wild"
"Geranium spp.","GERASPE","Geraniaceae","Geranium","wild"
"Glaucium aleppicum","GLAUALE","Papaveraceae","Glaucium","wild"
"Glaucium corniculatum","GLAUCOR","Papaveraceae","Glaucium","wild"
"Glaucium spp.","GLAUSPE","Papaveraceae","Glaucium","wild"
"Glyceria fluitans","GLYCFLU","Gramineae","Glyceria","wild"
"Glycyrrhiza spp.","GLYCSPE","Leguminosae","Glycyrrhiza","wild"
"Gramineae indeterminate","GRAMIND","Gramineae",,
"Gramineae indeterminate storage organs (tubers)","GRAMINT","Gramineae",,
"Gundelia tournefortii","GUNDTOU","Compositae","Gundelia","wild"
"Gypsophila elegans","GYPSELE","Caryophyllaceae","Gypsophila","wild"
"Gypsophila obionica","GYPSOBI","Caryophyllaceae","Gypsophila","wild"
"Gypsophila pilosa","GYPSPIL","Caryophyllaceae","Gypsophila","wild"
"Gypsophila spp.","GYPSSPE","Caryophyllaceae","Gypsophila","wild"
"Halothamnus hierochunticus","HALOHIE","Chenopodiaceae","Halothamnus","wild"
"Hammada/Salsola spp.","HAMMSAL","Chenopodiaceae",,"wild"
"Haplophyllum spp.","HAPLSPE","Rutaceae","Haplophyllum","wild"
"Helianthemum ledifolium","HELILED","Cistaceae","Helianthemum","wild"
"Helianthemum salicifolium","HELISAL","Cistaceae","Helianthemum","wild"
"Helianthemum spp.","HELISPE","Cistaceae","Helianthemum","wild"
"Heliotropium europaeum","HELOEUR","Boraginaceae","Heliotropium","wild"
"Heliotropium persicum","HELOPER","Boraginaceae","Heliotropium","wild"
"Heliotropium rotundifolium","HELOROT","Boraginaceae","Heliotropium","wild"
"Heliotropium spp.","HELOSPE","Boraginaceae","Heliotropium","wild"
"Heliotropium suaveolens","HELOSUA","Boraginaceae","Heliotropium","wild"
"Henrardia pubescens","HENRPUB","Gramineae","Henrardia","wild grass"
"Herniaria spp.","HERNSPE","Illecebraceae","Herniaria","wild"
"Heteranthelium spp.","HETESPE","Gramineae","Heteranthelium","wild grass"
"Hibiscus trionum","HIBITRI","Malvaceae","Hibiscus","wild"
"Hippocrepis spp.","HIPPSPE","Leguminosae","Hippocrepis","wild"
"Holosteum spp.","HOLOSPE","Caryophyllaceae","Holosteum","wild"
"Hordeum bulbosum/spontaneum","HORBUSP","Gramineae","Hordeum","wild grass/cereal"
"Hordeum bulbosum","HORDBUL","Gramineae","Hordeum","wild grass"
"Hordeum/Elymus spp.","HORDELY","Gramineae",,"wild grass"
"Hordeum glaucum","HORDGLA","Gramineae","Hordeum","wild grass"
"Hordeum marinum","HORDMAR","Gramineae","Hordeum","wild grass"
"Hordeum murinum","HORDMUR","Gramineae","Hordeum","wild grass"
"Hordeum sativum grains (indeterminate hulled)","HORDSAI","Gramineae","Hordeum","domestic cereal"
"Hordeum sativum naked grains","HORDSAN","Gramineae","Hordeum","domestic cereal"
"Hordeum sativum grains (6 row hulled)","HORDSAS","Gramineae","Hordeum","domestic cereal"
"Hordeum sativum grains (2-row hulled)","HORDSAT","Gramineae","Hordeum","domestic cereal"
"Hordeum sativum naked rachis internodes","HORDSNR","Gramineae","Hordeum","domestic cereal"
"Hordeum spontaneum grains","HORDSPO","Gramineae","Hordeum","wild cereal"
"Hordeum spontaneum rachis internodes","HORDSPR","Gramineae","Hordeum","wild cereal"
"Hordeum spp. (weed)","HORDSPW","Gramineae","Hordeum","wild grass"
"Hordeum sativum rachis internodes (indeterminate hulled)","HORDSRI","Gramineae","Hordeum","domestic cereal"
"Hordeum sativum rachis internodes (6-row hulled)","HORDSRS","Gramineae","Hordeum","domestic cereal"
"Hordeum sativum rachis internodes (2-row hulled)","HORDSRT","Gramineae","Hordeum","domestic cereal"
"Hordeum hystrix/marinum","HORHYMA","Gramineae","Hordeum","wild grass"
"Hordeum sativum hulled or naked grains","HORSASN","Gramineae","Hordeum","domestic cereal"
"Hordeum spontaneum/sativum grains","HORSPSA","Gramineae","Hordeum","wild/domestic cereal"
"Hordeum spontaneum/sativum rachis internodes","HORSPSR","Gramineae","Hordeum","wild/domestic cereal"
"Hordeum sativum hulled or naked rachis internodes","HORSSNR","Gramineae","Hordeum","domestic cereal"
"Hyoscyamus niger","HYOSNIG","Solanaceae","Hyoscyamus","wild"
"Hyoscyamus reticulatus","HYOSRET","Solanaceae","Hyoscyamus","wild"
"Hyoscyamus spp.","HYOSSPE","Solanaceae","Hyoscyamus","wild"
"Hypecoum spp.","HYPESPE","Papaveraceae","Hypecoum","wild"
"Hypericum perfoliatum","HYPIPER","Hypericaceae","Hypericum","wild"
"Illecebrecaceae indeterminate","ILLEIND","Illecebrecaeae",,
"Imperata/Saccharum spp.","IMPESAC","Gramineae",,"wild grass"
"Isatis spp.","ISATSPE","Cruciferae","Isatis","wild"
"Juglans regia","JUGLREG","Juglandaceae","Juglans","tree"
"Juglans spp.","JUGLSPE","Juglandaceae","Juglans","tree"
"Juncus spp.","JUNCSPE","Juncaceae","Juncus","wild"
"Juniper spp.","JUNISPE","Cupressaceae","Juniper","tree"
"Knautia arvensis","KNAUARV","Dipsacaceae","Knautia","wild"
"Kochia prostrata","KOCHPRO","Chenopodiaceae","Kochia","wild"
"Koeleria spp.","KOELSPE","Gramineae","Koeleria","wild grass"
"Krascheninnikova ceratonia","KRASCER","Chenopodiaceae","Krascheninnikova","wild"
"Labiatae indeterminate","LABIIND","Labiatae",,
"Lamium spp.","LAMISPE","Labiatae","Lamium","wild"
"Lapsana communis","LAPSCOM","Compositae","Lapsana","wild"
"Lathyrus cicera/sativus","LATCISA","Leguminosae","Lathyrus","wild/domestic pulse"
"Lathyrus aphaca","LATHAPH","Leguminosae","Lathyrus","wild pulse"
"Lathyrus cicera","LATHCIC","Leguminosae","Lathyrus","wild pulse"
"Lathyrus hirsuta","LATHHIR","Leguminosae","Lathyrus","wild"
"Lathyrus nissolia","LATHNIS","Leguminosae","Lathyrus","wild"
"Lathyrus sativus","LATHSAT","Leguminosae","Lathyrus","domestic pulse"
"Lathyrus spp.","LATHSPE","Leguminosae","Lathyrus","wild"
"Lathyrus tuberosus","LATHTUB","Leguminosae","Lathyrus","wild"
"Leguminosae indeterminate","LEGUIND","Leguminosae",,
"Leguminosae indeterminate large","LEGUINL","Leguminosae",,
"Leguminosae indeterminate small","LEGUINS","Leguminosae",,
"Lens culinaris","LENSCUL","Leguminosae","Lens","domestic pulse"
"Lens nigricans","LENSNIG","Leguminosae","Lens","wild pulse"
"Lens orientalis","LENSORI","Leguminosae","Lens","wild pulse"
"Lens spp.","LENSSPE","Leguminosae","Lens","wild"
"Lepidium perfoliatum","LEPIPER","Cruciferae","Lepidium","wild"
"Lepidium ruderale","LEPIRUD","Cruciferae","Lepidium","wild"
"Lepidium spp.","LEPISPE","Cruciferae","Lepidium","wild"
"Liliaceae indeterminate","LILIIND","Liliaceae",,
"Linum bienne","LINUBIE","Linaceae","Linum","wild oil/fibre plant"
"Linum spp.","LINUSPE","Linaceae","Linum","wild"
"Linum usitatissimum","LINUUSI","Linaceae","Linum","domestic oil/fibre plant"
"Lithospermum apulum","LITHAPU","Boraginaceae","Lithospermum","wild"
"Lithospermum officinale","LITHOFF","Boraginaceae","Lithospermum","wild"
"Lolium/Hordeum spp.","LOLIHOR","Gramineae",,"wild grass"
"Lolium perenne","LOLIPER","Gramineae","Lolium","wild grass"
"Lolium remotum","LOLIREM","Gramineae","Lolium","wild grass"
"Lolium rigidum","LOLIRIG","Gramineae","Lolium","wild grass"
"Lolium spp.","LOLISPE","Gramineae","Lolium","wild grass"
"Lolium temulentum","LOLITEM","Gramineae","Lolium","wild grass"
"Lolium rigidum/perenne","LOLRIPE","Gramineae","Lolium","wild grass"
"Lupinus pilosus","LUPIPIL","Leguminosae","Lupinus","wild"
"Lupinus spp.","LUPISPE","Leguminosae","Lupinus","wild"
"Luzula multiflora","LUZUMUL","Juncaceae","Luzula","wild"
"Luzula spp.","LUZUSPE","Juncaceae","Luzula","wild"
"Lychnis flos-cuculi","LYCHFLC","Caryophyllaceae","Lychnis","wild"
"Lycium spp.","LYCISPE","Solanaceae","Lycium","wild"
"Lycopus spp.","LYCOSPE","Labiatae","Lycopus","wild"
"Malcomia spp.","MALCSPE","Cruciferae","Malcomia","wild"
"Malva sylvestris/nicaensis","MALSYNI","Malvaceae","Malva","wild"
"Malus spp.","MALUSPE","Rosaceae","Malus","tree"
"Malus sylvestris","MALUSYL","Rosaceae","Malus","tree"
"Malvaceae indeterminate","MALVIND","Malvaceae",,
"Malva nicaeensis","MALVNIC","Malvaceae","Malva","wild"
"Malva parviflora","MALVPAR","Malvaceae","Malva","wild"
"Malva spp.","MALVSPE","Malvaceae","Malva","wild"
"Malva sylvestris","MALVSYL","Malvaceae","Malva","wild"
"Matricaria spp.","MATRSPE","Compositae","Matricaria","wild"
"Medicago lacinata","MEDILAC","Leguminosae","Medicago","wild"
"Medicago minima","MEDIMIN","Leguminosae","Medicago","wild"
"Medicago polymorpha","MEDIPOL","Leguminosae","Medicago","wild"
"Medicago radiata","MEDIRAD","Leguminosae","Medicago","wild"
"Medicago spp.","MEDISPE","Leguminosae","Medicago","wild"
"Medicago truncatula","MEDITRU","Leguminosae","Medicago","wild"
"Melampyrum pratense","MELAPRA","Scrophulariaceae","Melampyrum","wild"
"Melilotus altissima","MELIALT","Leguminosae","Melilotus","wild"
"Melica persica","MELIPER","Gramineae","Melica","wild grass"
"Melilotus spp.","MELISPE","Leguminosae","Melilotus","wild"
"Mentha spp.","MENTSPE","Labiatae","Mentha","wild"
"Menyanthes trifoliata","MENYTRI","Menyanthaceae","Menyanthes","wild"
"Mercuralis annuis","MERCANN","Euphorbiaceae","Mercuralis","wild"
"Mesembryanthemum nodiflorum","MESENOD","Aizoaceae","Mesembryanthemum","wild"
"Mespilus germanicus","MESPGER","Rosaceae","Mespilus","tree/shrub"
"Micromeria spp.","MICRSPE","Labiatae","Micromeria","wild"
"Minuartia rubella","MINURUB","Caryophyllaceae","Minuartia","wild"
"Minuartia sp.","MINUSPE","Caryophyllaceae","Minuartia","wild"
"Molinia caerulea","MOLICAE","Gramineae","Molinia","wild grass"
"Molinia/Sieglingia spp.","MOLISIE","Gramineae",,"wild grass"
"Moltkia coerulea","MOLTCOE","Boraginaceae","Moltkia","wild"
"Monocotyledonous/Dicotyledonous storage organs","MONDISO",,,
"Monocotyledonous storage organs","MONOCSO",,,
"Moraceae indeterminate","MORAIND","Moraceae",,
"Muscari spp.","MUSCSPE","Liliaceae","Muscari","wild"
"Myosotis spp.","MYOSSPE","Boraginaceae","Myosotis","wild"
"Najas marina","NAJAMAR","Najadaceae","Najas","wild"
"Nepeta cataria","NEPECAT","Labiatae","Nepeta","wild"
"Neslia spp.","NESLSPE","Cruciferae","Neslia","wild"
"Nitraria schoberi","NITRSCH","Zygophyllaceae","Nitraria","wild"
"Noaea mucronata","NOAEMUC","Chenopodiaceae","Noaea","wild"
"Notobasis syriaca","NOTOSYR","Compositae","Notobasis","wild"
"Nuphar pumilum","NUPHPUM","Nymphaeaceae","Nuphar","wild"
"Ochthodium spp.","OCHTSPE","Cruciferae","Ochthodium","wild"
"Odontites/Euphrasia spp.","ODONEUP","Scrophulariaceae",,"wild"
"Odontites serotina","ODONSER","Scrophulariaceae","Odontites","wild"
"Oenanthe aquatica","OENAAQU","Umbelliferae","Oenanthe","wild"
"Olea europaea","OLEAEUR","Oleaceae","Olea","tree"
"Olea spp.","OLEASPE","Oleaceae","Olea","tree"
"Onobrychis crista-galli","ONOBCRG","Leguminosae","Onobrychis","wild"
"Onobrychis spp.","ONOBSPE","Liliaceae","Onobrychis","wild"
"Ononis serrata","ONONSER","Leguminosae","Ononis","wild"
"Onopordum spp.","ONOPSPE","Compositae","Onopordum","wild"
"Origanum vulgare","ORIGVUL","Labiatae","Origanum","wild"
"Ornithogalum spp.","ORNISPE","Liliaceae","Ornithogalum","wild"
"Oryzopsis holciformis","ORYZHOL","Gramineae","Oryzopsis","wild grass"
"Oryzopsis/Milium spp.","ORYZMIL","Gramineae",,"wild grass"
"Panicoideae indeterminate","PANIIND","Gramineae",,
"Panicum miliaceum","PANIMIL","Gramineae","Panicum","domestic cereal"
"Panicum spp.","PANISPE","Gramineae","Panicum","wild grass"
"Papaver argemone","PAPAARG","Papaveraceae","Papaver","wild"
"Papaver dubium","PAPADUB","Papaveraceae","Papaver","wild"
"Papaveraceae indeterminate","PAPAIND","Papaveraceae",,
"Papaver rhoeas","PAPARHO","Papaveraceae","Papaver","wild"
"Papaver somniferum","PAPASOM","Papaveraceae","Papaver","wild/domestic poppy"
"Papaver spp.","PAPASPE","Papaveraceae","Papaver","wild"
"Papaver dubium/rhoeas","PAPDURH","Papaveraceae","Papaver","wild"
"Phalaris paradoxa","PHALPAR","Gramineae","Phalaris","wild grass"
"Phalaris spp.","PHALSPE","Gramineae","Phalaris","wild grass"
"Phalaris tuberosa","PHALTUB","Gramineae","Phalaris","wild grass"
"Phleum nodosum","PHLENOD","Gramineae","Phleum","wild grass"
"Phleum phleoides","PHLEPHL","Gramineae","Phleum","wild grass"
"Phleum pratense","PHLEPRA","Gramineae","Phleum","wild grass"
"Phleum spp.","PHLESPE","Gramineae","Phleum","wild grass"
"Phlomis spp.","PHLOSPE","Labiatae","Phlomis","wild"
"Phragmites australis","PHRAAUS","Gramineae","Phragmites","wild grass"
"Phragmites spp.","PHRASPE","Gramineae","Phragmites","wild grass"
"Physalis alkekengi","PHYSALK","Solanaceae","Physalis","shrub"
"Pimpinella spp.","PIMPSPE","Umbelliferae","Pimpinella","wild"
"Piptatherum miliaceum","PIPTMIL","Gramineae","Piptatherum","wild grass"
"Pistacia atlantica","PISTATL","Anacardiaceae","Pistacia","tree"
"Pistacia khinjuk","PISTKHI","Anacardiaceae","Pistacia","tree"
"Pistacia lentiscus","PISTLEN","Anacardiaceae","Pistacia","tree"
"Pistacia spp.","PISTSPE","Anacardiaceae","Pistacia","tree"
"Pistacia terebinthus","PISTTER","Anacardiaceae","Pistacia","tree"
"Pisum elatius","PISUELA","Leguminosae","Pisum","wild pulse"
"Pisum/Lathyrus spp.","PISULAT","Leguminosae",,"wild"
"Pisum sativum","PISUSAT","Leguminosae","Pisum","domestic pulse"
"Pisum spp.","PISUSPE","Leguminosae","Pisum","wild"
"Pisum/Vicia spp.","PISUVIC","Leguminosae",,"wild"
"Plantago lanceolata/maritima","PLALAMA","Plantaginaceae","Plantago","wild"
"Plantago amplexicaulis","PLANAMP","Plantaginaceae","Plantago","wild"
"Plantago coronopus","PLANCOR","Plantaginaceae","Plantago","wild"
"Plantaginaceae indeterminate","PLANIND","Plantaginaceae",,
"Plantago lagopus","PLANLAG","Plantaginaceae","Plantago","wild"
"Plantago lanceolata","PLANLAN","Plantaginaceae","Plantago","wild"
"Plantago major","PLANMAJ","Plantaginaceae","Plantago","wild"
"Plantago ovata","PLANOVA","Plantaginaceae","Plantago","wild"
"Plantago psyllium","PLANPSY","Plantaginaceae","Plantago","wild"
"Plantago spp.","PLANSPE","Plantaginaceae","Plantago","wild"
"Plantago squarrosa","PLANSQU","Plantaginaceae","Plantago","wild"
"Poa annua","POAANNU","Gramineae","Poa","wild grass"
"Poa bulbosum","POABULB","Gramineae","Poa","wild grass"
"Poa nemoralis","POANEMO","Gramineae","Poa","wild grass"
"Poa spp.","POASPEC","Gramineae","Poa","wild grass"
"Poa trivialis","POATRIV","Gramineae","Poa","wild grass"
"Polycnemum arvense","POLCARV","Chenopodiaceae","Polycnemum","wild"
"Polygala spp.","POLGSPE","Polygalaceae","Polygala","wild"
"Polygonum amphibium","POLYAMP","Polygonaceae","Polygonum","wild"
"Polygonum arenastrum","POLYARE","Polygonaceae","Polygonum","wild"
"Polygonum aviculare","POLYAVI","Polygonaceae","Polygonum","wild"
"Polygonum convolvulus","POLYCON","Polygonaceae","Polygonum","wild"
"Polygonum corrigioloides","POLYCOR","Polygonaceae","Polygonum","wild"
"Polygonum dumetorum","POLYDUM","Polygonaceae","Polygonum","wild"
"Polygonaceae indeterminate","POLYIND","Polygonaceae",,
"Polygonum lapathifolium","POLYLAP","Polygonaceae","Polygonum","wild"
"Polygonum minus","POLYMIN","Polygonaceae","Polygonum","wild"
"Polygonum mite","POLYMIT","Polygonaceae","Polygonum","wild"
"Polygonum persicaria","POLYPER","Polygonaceae","Polygonum","wild"
"Polygonum/Rumex spp.","POLYRUM","Polygonaceae",,"wild"
"Polygonum spp.","POLYSPE","Polygonaceae","Polygonum","wild"
"Polygonum venantianum","POLYVEN","Polygonaceae","Polygonum","wild"
"Pooideae indeterminate","POOIIND","Gramineae",,
"Portulaca oleracea","PORTOLE","Portulacaceae","Portulaca","wild"
"Portulaca spp.","PORTSPE","Portulacaceae","Portulaca","wild"
"Potamogeton pectinatus","POTAPEC","Potamogetonaceae","Potamogeton","wild"
"Potamogeton spp.","POTASPE","Potamogetonaceae","Potamogeton","wild"
"Potentilla anserina","POTEANS","Rosaceae","Potentilla","wild"
"Potentilla erecta","POTEERE","Rosaceae","Potentilla","wild"
"Potentilla palustris","POTEPAL","Rosaceae","Potentilla","wild"
"Potentilla reptans","POTEREP","Rosaceae","Potentilla","wild"
"Potentilla spp.","POTESPE","Rosaceae","Potentilla","wild"
"Prunus divaricata/Amygdalus orientalis","PRDIAMO","Rosaceae",,"tree"
"Primulaceae indeterminate","PRIMIND","Primulaceae",,
"Prosopis/Citrillus spp.","PROSCIT","Leguminosae",,"wild"
"Prosopis farcta","PROSFAR","Leguminosae","Prosopis","wild"
"Prosopis spp.","PROSSPE","Leguminosae","Prosopis","wild"
"Prosopis stephaniana","PROSSTE","Leguminosae","Prosopis","wild"
"Prunella vulgaris","PRULVUL","Labiatae","Prunella","wild"
"Prunus avium","PRUNAVI","Rosaceae","Prunus","tree"
"Prunus/Cerasus spp.","PRUNCER","Rosaceae",,"tree/shrub"
"Prunus domestica","PRUNDOM","Rosaceae","Prunus","tree"
"Prunus mahaleb","PRUNMAH","Rosaceae","Prunus","tree"
"Prunus spp.","PRUNSPE","Rosaceae","Prunus","tree"
"Prunus spinosa","PRUNSPI","Rosaceae","Prunus","tree"
"Psilurus incurvus","PSILINC","Gramineae","Psilurus","wild grass"
"Pteridium aquilinum","PTERAQU","Polypodiaceae","Pteridium","wild"
"Pteridium spp.","PTERSPE","Polypodiaceae","Pteridium","wild"
"Punica spp.","PUNISPE","Punicaceae","Punica","tree/shrub"
"Pyrus amygdaliformis","PYRUAMY","Rosaceae","Pyrus","tree"
"Pyrus communis","PYRUCOM","Rosaceae","Pyrus","tree"
"Pyrus/Malus spp.","PYRUMAL","Rosaceae",,"tree"
"Pyrus/Sorbus spp.","PYRUSOR","Rosaceae",,"tree"
"Pyrus spp.","PYRUSPE","Rosaceae","Pyrus","tree"
"Pyrus syriaca","PYRUSYR","Rosaceae","Pyrus","tree"
"Quercus ithaburensis","QUERITH","Fagaceae","Quercus","tree"
"Quercus spp.","QUERSPE","Fagaceae","Quercus","tree"
"Ranunculus acris","RANUACR","Ranunculaceae","Ranunculus","wild"
"Ranunculus acris/repens/bulbosus","RANUARB","Ranunculaceae","Ranunculus","wild"
"Ranunculus arvensis","RANUARV","Ranunculaceae","Ranunculus","wild"
"Ranunculus ficaria","RANUFIC","Ranunculaceae","Ranunculus","wild"
"Ranunculus flammula","RANUFLA","Ranunculaceae","Ranunculus","wild"
"Ranunculus sceleratus","RANUSCE","Ranunculaceae","Ranunculus","wild"
"Ranunculus spp.","RANUSPE","Ranunculaceae","Ranunculus","wild"
"Raphanus raphanistrum","RAPHRAN","Cruciferae","Raphanus","wild"
"Reboudia pinnata","REBOPIN","Cruciferae","Reboudia","wild"
"Reseda lutea","RESELUT","Resedaceae","Reseda","wild"
"Reseda spp.","RESESPE","Resedaceae","Reseda","wild"
"Retama raetam","RETARAE","Leguminosae","Retama","wild"
"Rheum palaestinum","RHEUPAL","Polygonaceae","Rheum","wild"
"Rhinanthus spp.","RHINSPE","Scrophulariaceae","Rhinanthus","wild"
"Rhus coriaria","RHUSCOR","Anacardiaceae","Rhus","shrub"
"Rosaceae indeterminate","ROSAIND","Rosaceae",,
"Rosa spp.","ROSASPE","Rosaceae","Rosa","wild"
"Rubiaceae indeterminate","RUBIIND","Rubiaceae",,
"Rubia peregrina","RUBIPER","Rubiaceae","Rubia","wild"
"Rubus caesius","RUBUCAE","Rosaceae","Rubus","wild herb - fruit bearing"
"Rubus fruticosus","RUBUFRU","Rosaceae","Rubus","wild herb - fruit bearing"
"Rubus idaeus","RUBUIDA","Rosaceae","Rubus","wild herb - fruit bearing"
"Rubus sanguineus","RUBUSAN","Rosaceae","Rubus","wild herb - fruit bearing"
"Rubus spp.","RUBUSPE","Rosaceae","Rubus","wild herb - fruit bearing"
"Rumex acetosa/sanguineus","RUMACSA","Polygonaceae","Rumex","wild"
"Rumex conglomeratus/sanguineus","RUMCOSA","Polygonaceae","Rumex","wild"
"Rumex acetosella","RUMEACE","Polygonaceae","Rumex","wild"
"Rumex acetosa","RUMEACT","Polygonaceae","Rumex","wild"
"Rumex crispus","RUMECRI","Polygonaceae","Rumex","wild"
"Rumex obtusifolius","RUMEOBT","Polygonaceae","Rumex","wild"
"Rumex pulcher","RUMEPUL","Polygonaceae","Rumex","wild"
"Rumex sanguineus","RUMESAN","Polygonaceae","Rumex","wild"
"Rumex spp.","RUMESPE","Polygonaceae","Rumex","wild"
"Rumex tenuifolius","RUMETEN","Polygonaceae","Rumex","wild"
"Ruppia maritima","RUPPMAR","Ruppiaceae","Ruppia","wild"
"Sagittaria sagittifolia","SAGISAG","Alismataceae","Sagittaria","wild"
"Salsola spp","SALSSPE","Chenopodiaceae","Salsola","wild"
"Salvia cryptantha","SALVCRY","Labiatae","Salvia","wild"
"Sambucus ebulus","SAMBEBU","Caprifoliaceae","Sambucus","tree"
"Sambucus nigra","SAMBNIG","Caprifoliaceae","Sambucus","tree"
"Sambucus racemosa","SAMBRAC","Caprifoliaceae","Sambucus","tree"
"Sambucus spp.","SAMBSPE","Caprifoliaceae","Sambucus","tree"
"Sambucus nigra/racemosa","SAMNIRA","Caprifoliaceae","Sambucus","tree"
"Saponaria spp.","SAPOSPE","Caryophyllaceae","Saponaria","wild"
"Satureja thymbra","SATUTHY","Labiatae","Satureja","wild"
"Schoenus nigricans","SCHONIG","Cyperaceae","Schoenus","wild"
"Schoenoplectus spp.","SCHOSPE","Cyperaceae","Schoenoplectus","wild"
"Scirpus lacustris [syn. S tabernaemontani]","SCIRLAC","Cyperaceae","Scirpus","wild"
"Scirpus littoralis","SCIRLIT","Cyperaceae","Scirpus","wild"
"Scirpus maritimus","SCIRMAR","Cyperaceae","Scirpus","wild"
"Scirpus/Schoenoplectus spp.","SCIRSCH","Cyperaceae",,"wild"
"Scirpus spp.","SCIRSPE","Cyperaceae","Scirpus","wild"
"Scirpus tabernaemontani [syn. S. lacustris]","SCIRTAB","Cyperaceae","Scirpus","wild"
"Scirpus triquetius","SCIRTRI","Cyperaceae","Scirpus","wild"
"Scleranthus annuus","SCLEANN","Caryophyllaceae","Scleranthus","wild"
"Scleranthus spp.","SCLESPE","Caryophyllaceae","Scleranthus","wild"
"Scorzonera judaica","SCORJUD","Compositae","Scorzonera","wild"
"Scorpiurus muricatus","SCORMUR","Leguminosae","Scorpiurus","wild"
"Scorpiurus spp.","SCORSPE","Leguminosae","Scorpiurus","wild"
"Scrophulariaceae indeterminate","SCROIND","Scrophulariaceae",,
"Scrophularia spp.","SCROSPE","Scrophulariaceae","Scrophularia","wild"
"Secale cereale grains","SECACEG","Gramineae","Secale","domestic cereal"
"Secale cereale rachis","SECACER","Gramineae","Secale","domestic cereal"
"Secale montanum grains","SECAMON","Gramineae","Secale","wild cereal"
"Secale cereale ssp. segetale grains","SECASEG","Gramineae","Secale","wild cereal"
"Secale spp.","SECASPE","Gramineae","Secale","wild/domestic cereal"
"Secale cereale ssp. vavilovii grains","SECAVAV","Gramineae","Secale","wild cereal"
"Secale montanum/vavilovii grains","SECMOVA","Gramineae","Secale","wild cereal"
"Secale montanum/vavilovii rachis","SECMOVR","Gramineae","Secale","wild cereal"
"Senecio spp.","SENESPE","Compositae","Senecio","wild"
"Setaria/Panicum spp.","SETAPAN","Gramineae",,"wild grass"
"Setaria viridis","SETAVIR","Gramineae","Setaria","wild grass"
"Setaria spp.","SETISPE","Gramineae","Setaria","wild grass"
"Setaria viridis/verticillata","SETVIVE","Gramineae","Setaria","wild grass"
"Sherardia arvensis","SHERARV","Rubiaceae","Sherardia","wild"
"Sherardia spp.","SHERSPE","Rubiaceae","Sherardia","wild"
"Sieglingia decumbens","SIEGDEC","Gramineae","Sieglingia","wild grass"
"Silene aegyptiaca","SILEAEG","Caryophyllaceae","Silene","wild"
"Silene alba","SILEALB","Caryophyllaceae","Silene","wild"
"Silene arabica","SILEARA","Caryophyllaceae","Silene","wild"
"Silene colorata","SILECOL","Caryophyllaceae","Silene","wild"
"Silene dioica","SILEDIO","Caryophyllaceae","Silene","wild"
"Silene gallica","SILEGAL","Caryophyllaceae","Silene","wild"
"Silene nutans","SILENUT","Caryophyllaceae","Silene","wild"
"Silene spp.","SILESPE","Caryophyllaceae","Silene","wild"
"Silene trinervis","SILETRI","Caryophyllaceae","Silene","wild"
"Silene vulgaris","SILEVUL","Caryophyllaceae","Silene","wild"
"Silene nutans/vulgaris","SILNUVU","Caryophyllaceae","Silene","wild"
"Silene vulgaris/dioica","SILVUDI","Caryophyllaceae","Silene","wild"
"Sinapis arvensis","SINAARV","Cruciferae","Sinapis","wild"
"Sisymbrium spp.","SISYSPE","Cruciferae","Sisymbrium","wild"
"Solanum dulcamara","SOLADUL","Solanaceae","Solanum","wild"
"Solanaceae indeterminate","SOLAIND","Solanaceae",,"shrub"
"Solanum nigrum","SOLANIG","Solanaceae","Solanum",
"Solanum spp.","SOLASPE","Solanaceae","Solanum","wild"
"Sonchus oleraceus","SONCOLE","Compositae","Sonchus","wild"
"Sophora spp.","SOPHSPE","Leguminosae","Sophora","wild"
"Sorbus aria","SORBARI","Rosaceae","Sorbus","tree"
"Sorbus aucuparia","SORBAUC","Rosaceae","Sorbus","tree"
"Sorbus intermedia","SORBINT","Rosaceae","Sorbus","tree"
"Spergularia arvensis","SPERARV","Caryophyllaceae","Spergularia","wild"
"Spergularia spp.","SPERSPE","Caryophyllaceae","Spergularia","wild"
"Stachys arvensis/sylvatica","STAARSY","Labiatae","Stachys","wild"
"Stachys spp.","STACSPE","Labiatae","Stachys","wild"
"Stellaria graminea","STELGRA","Caryophyllaceae","Stellaria","wild"
"Stellaria media","STELMED","Caryophyllaceae","Stellaria","wild"
"Stellaria spp.","STELSPE","Caryophyllaceae","Stellaria","wild"
"Stipa barbata/lagascae","STIBALA","Gramineae","Stipa","wild grass"
"Stipa capensis","STIPCAP","Gramineae","Stipa","wild grass"
"Stipa gigantea","STIPGIG","Gramineae","Stipa","wild grass"
"Stipa pennata","STIPPEN","Gramineae","Stipa","wild grass"
"Stipa spp.","STIPSPE","Gramineae","Stipa","wild grass"
"Stipa/Stipagrostis spp.","STIPSTI","Gramineae",,"wild grass"
"Stipagrostis obtusa","STPGOBT","Gramineae","Stipagrostis","wild grass"
"Stipagrostis plumosa","STPGPLU","Gramineae","Stipagrostis","wild grass"
"Styrax officinalis","STYROFF","Styracaceae","Styrax","tree/shrub"
"Suaeda fruticosa","SUAEFRU","Chenopodiaceae","Suaeda","wild"
"Suaeda palaestina","SUAEPAL","Chenopodiaceae","Suaeda","wild"
"Suaeda spp.","SUAESPE","Chenopodiaceae","Suaeda","wild"
"Taeniatherum caput-medusae/crinitum","TAECACR","Gramineae","Taeniatherum","wild grass"
"Taeniatherum caput-medusae","TAENCAM","Gramineae","Taeniatherum","wild grass"
"Taeniatherum spp.","TAENSPE","Gramineae","Taeniatherum","wild grass"
"Teucrium/Ajuga spp.","TEUCAJU","Labiatae",,"wild"
"Teucrium botrys","TEUCBOT","Labiatae","Teucrium","wild"
"Teucrium chamaedrys","TEUCCHA","Labiatae","Teucium","wild"
"Teucrium spp.","TEUCSPE","Labiatae","Teucrium","wild"
"Texiera glastifolia","TEXIGLA","Cruciferae","Texiera","wild"
"Thlaspi arvense","THLAARV","Cruciferae","Thlaspi","wild"
"Thlaspi spp.","THLASPE","Cruciferae","Thlaspi","wild"
"Thymelaea hirsuta","THYMHIR","Thymelaeaceae","Thymelaea","wild"
"Thymelaeaceae indeterminate","THYMIND","Thymelaeaceae",,
"Thymelaea passerina","THYMPAS","Thymelaeaceae","Thymelaea","wild"
"Thymelaea spp.","THYMSPE","Thymelaeaceae","Thymelaea","wild"
"Thymus spp.","THYSSPE","Labiatae","Thymus","wild"
"Tilia spp.","TILISPE","Tiliaceae","Tilia","tree"
"Torilis nodosa","TORINOD","Umbelliferae","Torilis","wild"
"Torilis spp","TORISPE","Umbelliferae","Torilis","wild"
"Torularia torulosa","TORUTOR","Cruciferae","Torularia","wild"
"Trachynia distachya","TRACDIS","Gramineae","Trachynia","wild grass"
"Tragus spp.","TRAGSPE","Gramineae","Tragus","wild grass"
"Trapa natans","TRAPNAT","Trapaceae","Trapa","wild"
"Trapa spp.","TRAPSPE","Trapaceae","Trapa","wild"
"Triticum boeoticum/Secale montanum grains","TRBOSEM","Gramineae",,"wild cereal"
"Trigonella arabica/schlumbergeri","TRIARSC","Leguminosae","Trigonella","wild"
"Trigonella/Astragalus spp.","TRIASTR","Leguminosae",,"wild"
"Triticum boeoticum/monococcum glume bases","TRIBOMG","Gramineae","Triticum","wild/domestic cereal"
"Triticum boeoticum/monococcum grains","TRIBOMO","Gramineae","Triticum","wild/domestic cereal"
"Triticum boeoticum/monococcum spikelet forks","TRIBOMS","Gramineae","Triticum","wild/domestic cereal"
"Triticum dicoccum/dicoccoides grains","TRIDCDD","Gramineae","Triticum","wild/domestic cereal"
"Triticum dicoccum/dicoccoides spikelet forks","TRIDCDS","Gramineae","Triticum","wild/domestic cereal"
"Triticum dicoccoides spikelet forks","TRIDIDS","Gramineae","Triticum","wild cereal"
"Triticum dicoccum/spelta grains","TRIDISP","Gramineae","Triticum","domestic cereal"
"Triticum dicoccum/spelta glume bases","TRIDSPG","Gramineae","Triticum","domestic cereal"
"Trifolium arvense","TRIFARV","Leguminosae","Trifolium","wild"
"Trifolium dubium","TRIFDUB","Leguminosae","Trifolium","wild"
"Triticum aestivum/spelta grains","TRIFHSP","Gramineae","Triticum","domestic cereal"
"Trifolium pratense","TRIFPRA","Leguminosae","Trifolium","wild"
"Trifolium repens","TRIFREP","Leguminosae","Trifolium","wild"
"Trifolium spp.","TRIFSPE","Leguminosae","Trifolium","wild"
"Triticum species free threshing wheat hexaploid rachis","TRIFTHR","Gramineae","Triticum","domestic cereal"
"Triticum species free threshing wheat  tetraploid rachis","TRIFTTR","Gramineae","Triticum","domestic cereal"
"Trigonella astroites","TRIGAST","Leguminosae","Trigonella","wild"
"Triticum species indeterminate glume wheat glume bases","TRIGLWG","Gramineae","Triticum","domestic cereal"
"Triticum species indeterminate glume wheat spikelet forks","TRIGLWS","Gramineae","Triticum","domestic cereal"
"Trigonella noeana","TRIGNOE","Leguminosae","Trigonella","wild"
"Trigonella sibthorpii","TRIGSIB","Leguminosae","Trigonella","wild"
"Trigonella spp.","TRIGSPE","Leguminosae","Trigonella","wild"
"Triticum monococcum/dicoccum glume bases","TRIMODG","Gramineae","Triticum","domestic cereal"
"Triticum monococcum/dicoccum grains","TRIMODI","Gramineae","Triticum","domestic cereal"
"Triticum monococcum/dicoccum spikelet forks","TRIMODS","Gramineae","Triticum","domestic cereal"
"Tripleurospermum maritimum","TRIPMAR","Compositae","Tripleurospermum","wild"
"Triticum spelta glume bases","TRISPLG","Gramineae","Triticum","domestic cereal"
"Triticum spelta spikelet forks","TRISPLS","Gramineae","Triticum","domestic cereal"
"Triticum boeoticum grains (1/2g)","TRITBOE","Gramineae","Triticum","wild cereal"
"Triticum boeoticum glume bases","TRITBOG","Gramineae","Triticum","wild cereal"
"Triticum boeoticum grains (1g)","TRITBOO","Gramineae","Triticum","wild cereal"
"Triticum boeoticum spikelet forks","TRITBOS","Gramineae","Triticum","wild cereal"
"Triticum boeoticum grains (2g)","TRITBOT","Gramineae","Triticum","wild cereal"
"Triticum dicoccum grains","TRITDIC","Gramineae","Triticum","domestic cereal"
"Triticum dicoccoides grains","TRITDID","Gramineae","Triticum","wild cereal"
"Triticum dicoccum glume bases","TRITDIG","Gramineae","Triticum","domestic cereal"
"Triticum dicoccum grains (1g)","TRITDIO","Gramineae","Triticum","domestic cereal"
"Triticum dicoccum spikelet forks","TRITDIS","Gramineae","Triticum","domestic cereal"
"Triticum species free threshing wheat hexaploid grains","TRITFTH","Gramineae","Triticum","domestic cereal"
"Triticum species indeterminate free threshing wheat rachis","TRITFTR","Gramineae","Triticum","domestic cereal"
"Triticum species free threshing wheat tetraploid grains","TRITFTT","Gramineae","Triticum","domestic cereal"
"Triticum species indeterminate free threshing wheat grains","TRITFTW","Gramineae","Triticum","domestic cereal"
"Triticum species indeterminate glume wheat grains","TRITGLW","Gramineae","Triticum","domestic cereal"
"Triticum monococcum glume bases","TRITMOG","Gramineae","Triticum","domestic cereal"
"Triticum c grains (1/2g)","TRITMON","Gramineae","Triticum","domestic cereal"
"Triticum monococcum grains (1g)","TRITMOO","Gramineae","Triticum","domestic cereal"
"Triticum monococcum spikelet forks","TRITMOS","Gramineae","Triticum","domestic cereal"
"Triticum monococcum grains (2g)","TRITMOT","Gramineae","Triticum","domestic cereal"
"Triticum species indeterminate fr thr/gl wheat grains","TRITSPE","Gramineae","Triticum","domestic cereal"
"Triticum spelta grains","TRITSPL","Gramineae","Triticum","domestic cereal"
"Triticum species indeterminate fr thr/gl wheat rachis/spikelet/glume","TRITSPR","Gramineae","Triticum","domestic cereal"
"Triticum turgidum spikelet forks","TRITTUS","Gramineae","Triticum","domestic cereal"
"Typha spp.","TYPHSPE","Typhaceae","Typha","wild"
"Umbelliferae indeterminate","UMBEIND","Umbelliferae",,
"Urtica dioica","URTIDIO","Urticaceae","Urtica","wild"
"Urtica spp.","URTISPE","Urticaceae","Urtica","wild"
"Urtica urens","URTIURE","Urticaceae","Urtica","wild"
"Utricularia vulgaris","UTRIVUL","Lentibulariaceae","Utricularia","wild"
"Vaccaria pyrimidata","VACCPYR","Caryophyllaceae","Vaccaria","wild"
"Vaccaria spp.","VACCSPE","Caryophyllaceae","Vaccaria","wild"
"Vaccinium vitis-idaea","VACCVII","Ericaceae","Vaccinium","shrub"
"Valerianella coronata","VALECOR","Valerianaceae","Valerianella","wild"
"Valerianella dentata","VALEDEN","Valerianaceae","Valerianella","wild"
"Valerianella locusta","VALELOC","Valerianaceae","Valerianella","wild"
"Valerianella spp.","VALESPE","Valerianaceae","Valerianella","wild"
"Verbascum phlomoides","VERBPHL","Scrophulariaceae","Verbascum","wild"
"Verbascum spp.","VERBSPE","Scrophulariaceae","Verbascum","wild"
"Verbena officinalis","VEREOFF","Verbenaceae","Verbena","wild"
"Verbena spp.","VERESPE","Verbenaceae","Verbena","wild"
"Veronica arvensis","VEROARV","Scrophulariaceae","Veronica","wild"
"Veronica hederifolia","VEROHED","Scrophulariaceae","Veronica","wild"
"Veronica persica","VEROPER","Scrophulariaceae","Veronica","wild"
"Veronica spp.","VEROSPE","Scrophulariaceae","Veronica","wild"
"Vicia faba/narbonensis","VICFANA","Leguminosae","Vicia","wild/domestic pulse"
"Vicia ervilia","VICIERV","Leguminosae","Vicia","wild/domestic pulse"
"Vicia faba","VICIFAB","Leguminosae","Vicia","domestic pulse"
"Vicia grandiflora","VICIGRA","Leguminosae","Vicia","wild"
"Vicia hirsuta","VICIHIR","Leguminosae","Vicia","wild"
"Vicia/Lathyrus spp.","VICILAT","Leguminosae",,"wild"
"Vicia narbonensis","VICINAR","Leguminosae","Vicia","wild pulse"
"Vicia sativa","VICISAT","Leguminosae","Vicia","wild/domestic pulse"
"Vicia sepium","VICISEP","Leguminosae","Vicia","wild"
"Vicia spp.","VICISPE","Leguminosae","Vicia","wild"
"Vicia tetrasperma","VICITET","Leguminosae","Vicia","wild"
"Vicia tetrasperma/hirsuta","VICTEHI","Leguminosae","Vicia","wild"
"Viola hirsuta","VIOLHIR","Violaceae","Viola","wild"
"Viola spp.","VIOLSPE","Violaceae","Viola","wild"
"Viola tricolor","VIOLTRI","Violaceae","Viola","wild"
"Viscum album","VISCALB","Loranthaceae","Viscum","wild"
"Vitis spp.","VITISPE","Vitaceae","Vitis","tree/shrub"
"Vitis sylvestris","VITISYL","Vitaceae","Vitis","tree/shrub"
"Vitis vinifera","VITIVIN","Vitaceae","Vitis","tree/shrub"
"Vulpia spp.","VULPSPE","Gramineae","Vulpia","wild grass"
"Ziziphus spina-christi","ZIZISPC","Rhamnaceae","Ziziphus","tree"
"Ziziphora spp.","ZIZISPE","Labiatae","Ziziphora","wild"
"Zygophyllum fabago","ZYGOFAB","Zygophyllaceae","Zygophyllum","shrub"
