canon	variant	genus	family	crop_type	grass_type	legume_type	wood
Sambucus ebulus	Sambucus ebulus L.	Sambucus	Adoxaceae	Wild	NA	NA	NA
Aizoon hispanicum	Aizoon hispanicum	Aizoon	Aizoaceae	Wild	NA	NA	NA
Aizoon sp.	Aizoon	Aizoon	Aizoaceae	Wild	NA	NA	NA
Aizoon sp.	Aizoon sp.	Aizoon	Aizoaceae	Wild	NA	NA	NA
Mesembryanthemum nodiflorum	Mesembryanthemum nodiflorum	Mesembryanthemum	Aizoaceae	Wild	NA	NA	NA
Amaranthus sp.	Amaranthus	Amaranthus	Amaranthaceae	Wild	NA	NA	NA
Amaranthus sp.	Amaranthus sp.	Amaranthus	Amaranthaceae	Wild	NA	NA	NA
Amaranthus sp.	Amaranthus sp. uncarbonized	Amaranthus	Amaranthaceae	Wild	NA	NA	NA
Anabasis articulata	Anabasis articulata	Anabasis	Amaranthaceae	Wild	NA	NA	NA
Anabasis sp.	Anabasis sp. wood	Anabasis	Amaranthaceae	Wild	NA	NA	TRUE
Bassia arabica	Bassia arabica	Bassia	Amaranthaceae	Wild	NA	NA	NA
Bassia muricata	Bassia muricata	Bassia	Amaranthaceae	Wild	NA	NA	NA
Bassia prostrata	Bassia prostrata	Bassia	Amaranthaceae	Wild	NA	NA	NA
Bassia sp.	cf. Kochia, wood	Bassia	Amaranthaceae	Wild	NA	NA	TRUE
Beta sp.	Beta	Beta	Amaranthaceae	Wild	NA	NA	NA
Beta sp.	Beta sp.	Beta	Amaranthaceae	Wild	NA	NA	NA
Beta vulgaris	Beta vulgaris L.	Beta	Amaranthaceae	Wild	NA	NA	NA
Camphorosma monspeliaca	Camphorosma monspeliaca	Camphorosma	Amaranthaceae	Wild	NA	NA	NA
Camphorosma sp.	Camphorosma	Camphorosma	Amaranthaceae	Wild	NA	NA	NA
Cornulaca monacantha	Cornulaca monacantha	Cornulaca	Amaranthaceae	Wild	NA	NA	NA
Halothamnus hierochunticus	Halothamnus hierochunticus	Halothamnus	Amaranthaceae	Wild	NA	NA	NA
Krascheninnikovia ceratoides	Krascheninnikovia ceratoides	Krascheninnikovia	Amaranthaceae	Wild	NA	NA	NA
NA	Amaranthaceae	NA	Amaranthaceae	Wild	NA	NA	NA
NA	Anabasis/Noaea	NA	Amaranthaceae	Wild	NA	NA	NA
NA	Hammada/Salsola	NA	Amaranthaceae	Wild	NA	NA	NA
NA	Salsola/Suaeda	NA	Amaranthaceae	Wild	NA	NA	NA
NA	Salsoleae	NA	Amaranthaceae	Wild	NA	NA	NA
Polycnemum majus	Polycnemum majus A.Braun	Polycnemum	Amaranthaceae	Wild	NA	NA	NA
Salsola inermis	Salsola inermis Forssk.	Salsola	Amaranthaceae	Wild	NA	NA	NA
Salsola kali	Salsola kali	Salsola	Amaranthaceae	Wild	NA	NA	NA
Salsola sp.	Salsola	Salsola	Amaranthaceae	Wild	NA	NA	NA
Salsola volkensii	Salsola volkensii	Salsola	Amaranthaceae	Wild	NA	NA	NA
Suaeda fruticosa	Suaeda fruticosa	Suaeda	Amaranthaceae	Wild	NA	NA	NA
Suaeda maritima	Suaeda maritima L.	Suaeda	Amaranthaceae	Wild	NA	NA	NA
Suaeda palaestina	Suaeda palaestina	Suaeda	Amaranthaceae	Wild	NA	NA	NA
Suaeda sp.	cf. Suaeda sp.	Suaeda	Amaranthaceae	Wild	NA	NA	NA
Suaeda sp.	cf. Suaeda sp. uncarbonized	Suaeda	Amaranthaceae	Wild	NA	NA	NA
Suaeda sp.	Suaeda	Suaeda	Amaranthaceae	Wild	NA	NA	NA
Suaeda sp.	Suaeda sp.	Suaeda	Amaranthaceae	Wild	NA	NA	NA
Allium sativum	Allium sativum	Allium	Amaryllidaceae	Wild	NA	NA	NA
Pistacia atlantica	Pistacia atlantica	Pistacia	Anacardiaceae	Wild	NA	NA	NA
Pistacia atlantica	Pistacia atlantica Desf.	Pistacia	Anacardiaceae	Wild	NA	NA	NA
Pistacia atlantica	Pistacia atlantica Desf. wood	Pistacia	Anacardiaceae	Wild	NA	NA	TRUE
Pistacia lentiscus	Pistacia lentiscus	Pistacia	Anacardiaceae	Wild	NA	NA	NA
Pistacia lentiscus	Pistacia lentiscus L. wood	Pistacia	Anacardiaceae	Wild	NA	NA	TRUE
Pistacia palaestina	Pistacia palaestina	Pistacia	Anacardiaceae	Wild	NA	NA	NA
Pistacia palaestina	Pistacia palaestina wood	Pistacia	Anacardiaceae	Wild	NA	NA	TRUE
Pistacia sp.	cf. Pistacia sp.	Pistacia	Anacardiaceae	Wild	NA	NA	NA
Pistacia sp.	Pistacia	Pistacia	Anacardiaceae	Wild	NA	NA	NA
Pistacia sp.	Pistacia atlantica/khinjuk	Pistacia	Anacardiaceae	Wild	NA	NA	NA
Pistacia sp.	Pistacia atlantica/palaestina	Pistacia	Anacardiaceae	Wild	NA	NA	NA
Pistacia sp.	Pistacia atlantica/terebinthus	Pistacia	Anacardiaceae	Wild	NA	NA	NA
Pistacia sp.	Pistacia sp.	Pistacia	Anacardiaceae	Wild	NA	NA	NA
Pistacia sp.	Pistacia terebinthus/lentiscus	Pistacia	Anacardiaceae	Wild	NA	NA	NA
Pistacia terebinthus	Pistacia terebinthus	Pistacia	Anacardiaceae	Wild	NA	NA	NA
Pistacia terebinthus	Pistacia terebinthus L.	Pistacia	Anacardiaceae	Wild	NA	NA	NA
Pistacia vera	Pistacia vera L.	Pistacia	Anacardiaceae	Wild	NA	NA	NA
Pistacia sp.	Pisticia spp.	Pistacia	Anacardiaceae	Wild	NA	NA	NA
Ammi majus	Ammi majus	Ammi	Apiaceae	Wild	NA	NA	NA
Apium graveolens	Apium graveolens	Apium	Apiaceae	Wild	NA	NA	NA
Bifora sp.	Bifora	Bifora	Apiaceae	Wild	NA	NA	NA
Bupleurum lancifolium	Bupleurum lancifolium	Bupleurum	Apiaceae	Wild	NA	NA	NA
Bupleurum rotundifolium	Bupleurum rotundifolium	Bupleurum	Apiaceae	Wild	NA	NA	NA
Bupleurum sp.	Bupleurum	Bupleurum	Apiaceae	Wild	NA	NA	NA
Bupleurum sp.	Bupleurum sp. L.	Bupleurum	Apiaceae	Wild	NA	NA	NA
Bupleurum sp.	cf. Bupleurum sp.	Bupleurum	Apiaceae	Wild	NA	NA	NA
Bupleurum subovatum	Bupleurum subovatum	Bupleurum	Apiaceae	Wild	NA	NA	NA
Coriandrum sativum	Coriandrum sativum	Coriandrum	Apiaceae	Wild	NA	NA	NA
Cuminum cyminum	Cuminum cyminum	Cuminum	Apiaceae	Wild	NA	NA	NA
NA	Apiaceae indeterminate	NA	Apiaceae	Wild	NA	NA	NA
NA	Umbelliferae	NA	Apiaceae	Wild	NA	NA	NA
Torilis nodosa	Torilis nodosa	Torilis	Apiaceae	Wild	NA	NA	NA
Torilis sp.	Torilis type	Torilis	Apiaceae	Wild	NA	NA	NA
NA	Asclepiadaceae	NA	Apocynaceae	Wild	NA	NA	NA
Cladium mariscus	Cladium mariscus	Cladium	Araceae	Wild	NA	NA	NA
Cladium mariscus	Cladium mariscus (L.) Pohl	Cladium	Araceae	Wild	NA	NA	NA
Asparagus sp.	Asparagus	Asparagus	Asparagaceae	Wild	NA	NA	NA
Bellevalia sp.	Bellevalia	Bellevalia	Asparagaceae	Wild	NA	NA	NA
Bellevalia sp.	Bellevalia sp.	Bellevalia	Asparagaceae	Wild	NA	NA	NA
Bellevalia sp.	Bellevalia type	Bellevalia	Asparagaceae	Wild	NA	NA	NA
Bellevalia sp.	cf. Bellevalia sp.	Bellevalia	Asparagaceae	Wild	NA	NA	NA
Hyacinthus sp.	Hyacinthus sp.	Hyacinthus	Asparagaceae	Wild	NA	NA	NA
Muscari sp.	Muscari	Muscari	Asparagaceae	Wild	NA	NA	NA
NA	Bellevalia/Muscari	NA	Asparagaceae	Wild	NA	NA	NA
NA	Bellevalia/Muscari sp.	NA	Asparagaceae	Wild	NA	NA	NA
NA	Bellevalia/Ornithogalum	NA	Asparagaceae	Wild	NA	NA	NA
NA	Muscari/Ornithogalum	NA	Asparagaceae	Wild	NA	NA	NA
NA	Ornithogalum/Muscari	NA	Asparagaceae	Wild	NA	NA	NA
Ornithogalum sp.	Ornithogalum	Ornithogalum	Asparagaceae	Wild	NA	NA	NA
Ornithogalum sp.	Ornithogalum sp.	Ornithogalum	Asparagaceae	Wild	NA	NA	NA
Ornithogalum sp.	Ornithogalum type	Ornithogalum	Asparagaceae	Wild	NA	NA	NA
Polygonatum sp.	Polygonatum sp.	Polygonatum	Asparagaceae	Wild	NA	NA	NA
Asphodelus aestivus	Asphodelus aestivus	Asphodelus	Asphodelaceae	Wild	NA	NA	NA
Asphodelus sp.	Asphodelus	Asphodelus	Asphodelaceae	Wild	NA	NA	NA
Asphodelus tenuifolius	Asphodelus tenuifolius	Asphodelus	Asphodelaceae	Wild	NA	NA	NA
Achillea sp.	Achillea	Achillea	Asteraceae	Wild	NA	NA	NA
Achillea wilhelmsii	Achillea wilhelmsii	Achillea	Asteraceae	Wild	NA	NA	NA
Anthemis arvensis	Anthemis arvensis L.	Anthemis	Asteraceae	Wild	NA	NA	NA
Anthemis cotula	Anthemis cotula L.	Anthemis	Asteraceae	Wild	NA	NA	NA
Anthemis pseudocotula	Anthemis pseudocotula	Anthemis	Asteraceae	Wild	NA	NA	NA
Anthemis pseudocotula	Anthemis pseudocotula Boiss.	Anthemis	Asteraceae	Wild	NA	NA	NA
Anthemis sp.	Anthemis sp. L.	Anthemis	Asteraceae	Wild	NA	NA	NA
Anvillea garcinii	Anvillea garcinii	Anvillea	Asteraceae	Wild	NA	NA	NA
Arctium lappa	Arctium lappa (Boiss. & Bal.)	Arctium	Asteraceae	Wild	NA	NA	NA
Artemisia sp.	Artemisia	Artemisia	Asteraceae	Wild	NA	NA	NA
Artemisia sp.	Artemisia sp. L.	Artemisia	Asteraceae	Wild	NA	NA	NA
Artemisia sp.	cf. Artemisia sp.	Artemisia	Asteraceae	Wild	NA	NA	NA
Asteriscus graveolens	Asteriscus graveolens	Asteriscus	Asteraceae	Wild	NA	NA	NA
Calendula arvensis	Calendula arvensis L.	Calendula	Asteraceae	Wild	NA	NA	NA
Calendula sp.	Calendula	Calendula	Asteraceae	Wild	NA	NA	NA
Carduus australis	Carduus australis	Carduus	Asteraceae	Wild	NA	NA	NA
Carthamus creticus	Carthamus creticus type	Carthamus	Asteraceae	Wild	NA	NA	NA
Carthamus sp.	Carthamus	Carthamus	Asteraceae	Wild	NA	NA	NA
Carthamus sp.	Carthamus sp. L.	Carthamus	Asteraceae	Wild	NA	NA	NA
Carthamus tenuis	Carthamus tenuis	Carthamus	Asteraceae	Wild	NA	NA	NA
Centaurea pallescens	Centaurea pallescens	Centaurea	Asteraceae	Wild	NA	NA	NA
Centaurea sp.	Centaurea	Centaurea	Asteraceae	Wild	NA	NA	NA
Centaurea sp.	Centaurea ammocyanus/pallescens	Centaurea	Asteraceae	Wild	NA	NA	NA
Centaurea sp.	Centaurea sp. L.	Centaurea	Asteraceae	Wild	NA	NA	NA
Centaurea sp.	Centaurea sp. L. uncarbonized	Centaurea	Asteraceae	Wild	NA	NA	NA
Ceruana pratensis	Ceruana pratensis	Ceruana	Asteraceae	Wild	NA	NA	NA
Chrysanthemum coronarium	Chrysanthemum coronarium	Chrysanthemum	Asteraceae	Wild	NA	NA	NA
Chrysanthemum sp.	Chrysanthemum sp.	Chrysanthemum	Asteraceae	Wild	NA	NA	NA
Cotula anthemoides	Cotula anthemoides	Cotula	Asteraceae	Wild	NA	NA	NA
Cotula sp.	Cotula type	Cotula	Asteraceae	Wild	NA	NA	NA
Crepis sp.	Crepis	Crepis	Asteraceae	Wild	NA	NA	NA
Crupina crupinastrum	Crupina crupinastrum	Crupina	Asteraceae	Wild	NA	NA	NA
Gundelia tournefortii	Gundelia tournefortii	Gundelia	Asteraceae	Wild	NA	NA	NA
Iphiona mucronata	Iphiona mucronata	Iphiona	Asteraceae	Wild	NA	NA	NA
Matricaria sp.	Matricaria	Matricaria	Asteraceae	Wild	NA	NA	NA
Matricaria sp.	Matricaria sp. L.	Matricaria	Asteraceae	Wild	NA	NA	NA
Matricaria sp.	Matricaria type	Matricaria	Asteraceae	Wild	NA	NA	NA
NA	Anthemideae	NA	Asteraceae	Wild	NA	NA	NA
NA	Asteraceae	NA	Asteraceae	Wild	NA	NA	NA
NA	Asteraceae indet.	NA	Asteraceae	Wild	NA	NA	NA
NA	Asteraceae indet. uncarbonized	NA	Asteraceae	Wild	NA	NA	NA
NA	Carthamus/Centaurea	NA	Asteraceae	Wild	NA	NA	NA
NA	Cirsium/Carduus	NA	Asteraceae	Wild	NA	NA	NA
NA	Cirsium/Carduus/Centaurea	NA	Asteraceae	Wild	NA	NA	NA
Notobasis syriaca	Notobasis syriaca	Notobasis	Asteraceae	Wild	NA	NA	NA
Onopordum sp.	Onopordum sp. L. uncarbonized	Onopordum	Asteraceae	Wild	NA	NA	NA
Picris sp.	Picris sp. L.	Picris	Asteraceae	Wild	NA	NA	NA
Pulicaria crispa	Pulicaria crispa	Pulicaria	Asteraceae	Wild	NA	NA	NA
Pulicaria sp.	Pulicaria sp.	Pulicaria	Asteraceae	Wild	NA	NA	NA
Pulicaria sp.	Pulicaria type	Pulicaria	Asteraceae	Wild	NA	NA	NA
Senecio aegyptus	Senecio aegyptus	Senecio	Asteraceae	Wild	NA	NA	NA
Senecio sp.	Senecio sp. L.	Senecio	Asteraceae	Wild	NA	NA	NA
Sonchus oleraceus	Sonchus oleraceus L.	Sonchus	Asteraceae	Wild	NA	NA	NA
Sonchus sp.	Sonchus type	Sonchus	Asteraceae	Wild	NA	NA	NA
Tragopogon sp.	Tragopogon	Tragopogon	Asteraceae	Wild	NA	NA	NA
Corylus avellana	Corylus avellana	Corylus	Betulaceae	Wild	NA	NA	NA
Alkanna orientalis	Alkanna orientalis	Alkanna	Boraginaceae	Wild	NA	NA	NA
Alkanna sp.	Alkanna	Alkanna	Boraginaceae	Wild	NA	NA	NA
Alkanna sp.	Alkanna Tausch sp.	Alkanna	Boraginaceae	Wild	NA	NA	NA
Alkanna sp.	Alkanna Tausch sp., uncarbonized	Alkanna	Boraginaceae	Wild	NA	NA	NA
Anchusa officinalis	Anchusa officinalis L. type	Anchusa	Boraginaceae	Wild	NA	NA	NA
Anchusa sp.	Anchusa	Anchusa	Boraginaceae	Wild	NA	NA	NA
Anchusa sp.	Anchusa aegyptiaca/milleri	Anchusa	Boraginaceae	Wild	NA	NA	NA
Anchusa sp.	Anchusa L. sp.	Anchusa	Boraginaceae	Wild	NA	NA	NA
Arnebia decumbens	Arnebia decumbens	Arnebia	Boraginaceae	Wild	NA	NA	NA
Arnebia decumbens	Arnebia decumbens  (Vent.) Cosson & Kralik, uncarbonized	Arnebia	Boraginaceae	Wild	NA	NA	NA
Arnebia decumbens	Arnebia decumbens (Vent.) Cosson & Kralik	Arnebia	Boraginaceae	Wild	NA	NA	NA
Arnebia linearifolia	Arnebia linearifolia	Arnebia	Boraginaceae	Wild	NA	NA	NA
Arnebia linearifolia	Arnebia linearifolia DC.	Arnebia	Boraginaceae	Wild	NA	NA	NA
Arnebia sp.	Arnebia	Arnebia	Boraginaceae	Wild	NA	NA	NA
Arnebia sp.	Arnebia Forssk. sp.	Arnebia	Boraginaceae	Wild	NA	NA	NA
Buglossoides arvensis	Buglossoides arvensis	Buglossoides	Boraginaceae	Wild	NA	NA	NA
Buglossoides sp.	Buglossoides arvensis/incrassata	Buglossoides	Boraginaceae	Wild	NA	NA	NA
Buglossoides tenuiflora	Buglossoides tenuiflora	Buglossoides	Boraginaceae	Wild	NA	NA	NA
Cordia sinensis	Cordia sinensis	Cordia	Boraginaceae	Wild	NA	NA	NA
Echium sp.	Echium	Echium	Boraginaceae	Wild	NA	NA	NA
Echium sp.	Echium L. sp.	Echium	Boraginaceae	Wild	NA	NA	NA
Heliotropium europaeum	Heliotropium europaeum L.	Heliotropium	Boraginaceae	Wild	NA	NA	NA
Heliotropium persicum	Heliotropium persicum	Heliotropium	Boraginaceae	Wild	NA	NA	NA
Heliotropium rotundifolium	Heliotropium rotundifolium	Heliotropium	Boraginaceae	Wild	NA	NA	NA
Heliotropium sp.	Heliotropium	Heliotropium	Boraginaceae	Wild	NA	NA	NA
Heliotropium sp.	Heliotropium L. sp.	Heliotropium	Boraginaceae	Wild	NA	NA	NA
Heliotropium suaveolens	Heliotropium suaveolens	Heliotropium	Boraginaceae	Wild	NA	NA	NA
Lithospermum arvense	Lithospermum arvense L.	Lithospermum	Boraginaceae	Wild	NA	NA	NA
Lithospermum incrassatum	Lithospermum incrassatum	Lithospermum	Boraginaceae	Wild	NA	NA	NA
Lithospermum sp.	Lithospermum	Lithospermum	Boraginaceae	Wild	NA	NA	NA
Lithospermum sp.	Lithospermum L. sp.	Lithospermum	Boraginaceae	Wild	NA	NA	NA
Lithospermum tenuiflorum	Lithospermum tenuiflorum	Lithospermum	Boraginaceae	Wild	NA	NA	NA
Lithospermum tenuiflorum	Lithospermum tenuiflorum, uncarbonized	Lithospermum	Boraginaceae	Wild	NA	NA	NA
Moltkia coerulea	Moltkia coerulea	Moltkia	Boraginaceae	Wild	NA	NA	NA
NA	Arnebia/Lithospermum	NA	Boraginaceae	Wild	NA	NA	NA
NA	Boraginaceae	NA	Boraginaceae	Wild	NA	NA	NA
NA	Boraginaceae indeterminate	NA	Boraginaceae	Wild	NA	NA	NA
NA	Boraginaceae indeterminate, uncarbonized	NA	Boraginaceae	Wild	NA	NA	NA
Alyssum damascenus	Alyssum damascenus	Alyssum	Brassicaceae	Wild	NA	NA	NA
Alyssum sp.	Alyssum	Alyssum	Brassicaceae	Wild	NA	NA	NA
Alyssum sp.	cf. Alyssum sp.	Alyssum	Brassicaceae	Wild	NA	NA	NA
Brassica nigra	Brassica nigra	Brassica	Brassicaceae	Wild	NA	NA	NA
Brassica nigra	Brassica nigra (L.) Koch	Brassica	Brassicaceae	Wild	NA	NA	NA
Brassica sp.	Brassica	Brassica	Brassicaceae	Wild	NA	NA	NA
Brassica sp.	Brassica sp.	Brassica	Brassicaceae	Wild	NA	NA	NA
Camelina microcarpa	Camelina microcarpa	Camelina	Brassicaceae	Wild	NA	NA	NA
Camelina sativa	Camelina sativa (L.) Crantz	Camelina	Brassicaceae	Wild	NA	NA	NA
Camelina sp.	Camelina	Camelina	Brassicaceae	Wild	NA	NA	NA
Capsella bursa-pastoris	Capsella bursa-pastoris	Capsella	Brassicaceae	Wild	NA	NA	NA
Capsella sp.	Capsella	Capsella	Brassicaceae	Wild	NA	NA	NA
Carrichtera annua	Carrichtera annua	Carrichtera	Brassicaceae	Wild	NA	NA	NA
Carrichtera annua	Carrichtera annua (L.) Asch.	Carrichtera	Brassicaceae	Wild	NA	NA	NA
Descurainia sp.	Descurainia	Descurainia	Brassicaceae	Wild	NA	NA	NA
Draba sp.	Draba	Draba	Brassicaceae	Wild	NA	NA	NA
Erucaria sp.	Erucaria hispanica/boveana	Erucaria	Brassicaceae	Wild	NA	NA	NA
Erucaria sp.	Erucaria microcapa/rostrata	Erucaria	Brassicaceae	Wild	NA	NA	NA
Euclidium sp.	Euclidium	Euclidium	Brassicaceae	Wild	NA	NA	NA
Euclidium sp.	Euclidium spp.	Euclidium	Brassicaceae	Wild	NA	NA	NA
Euclidium syriacum	Euclidium syriacum	Euclidium	Brassicaceae	Wild	NA	NA	NA
Euclidium syriacum	Euclidium syriacum (L.) R.	Euclidium	Brassicaceae	Wild	NA	NA	NA
Lepidium niloticum	Coronopus niloticus	Lepidium	Brassicaceae	Wild	NA	NA	NA
Lepidium perfoliatum	Lepidium perfoliatum	Lepidium	Brassicaceae	Wild	NA	NA	NA
Lepidium ruderale	Lepidium ruderale	Lepidium	Brassicaceae	Wild	NA	NA	NA
Lepidium sativum	Lepidium sativum pod	Lepidium	Brassicaceae	Wild	NA	NA	NA
Lepidium sp.	Lepidium	Lepidium	Brassicaceae	Wild	NA	NA	NA
Lepidium sp.	Lepidium sp.	Lepidium	Brassicaceae	Wild	NA	NA	NA
Malcolmia sp.	Malcolmia	Malcolmia	Brassicaceae	Wild	NA	NA	NA
NA	Alyssum/Lepidium	NA	Brassicaceae	Wild	NA	NA	NA
NA	Arabis/Cardamine	NA	Brassicaceae	Wild	NA	NA	NA
NA	Brassica/Sinapis	NA	Brassicaceae	Wild	NA	NA	NA
NA	Brassica/Sinapis arvensis	NA	Brassicaceae	Wild	NA	NA	NA
NA	Brassica/Sinapis sp.	NA	Brassicaceae	Wild	NA	NA	NA
NA	Brassicaceae	NA	Brassicaceae	Wild	NA	NA	NA
NA	Brassicaceae indet.	NA	Brassicaceae	Wild	NA	NA	NA
NA	Brassicaceae indet. uncarbonized	NA	Brassicaceae	Wild	NA	NA	NA
NA	Camelina/Camphorosma	NA	Brassicaceae	Wild	NA	NA	NA
NA	cf. Brassicaceae	NA	Brassicaceae	Wild	NA	NA	NA
NA	Lepidium/Camelina	NA	Brassicaceae	Wild	NA	NA	NA
NA	Lepidium/Sisymbrium	NA	Brassicaceae	Wild	NA	NA	NA
Neslia paniculata	Neslia paniculata	Neslia	Brassicaceae	Wild	NA	NA	NA
Neslia sp.	Neslia	Neslia	Brassicaceae	Wild	NA	NA	NA
Neslia sp.	Neslia sp.	Neslia	Brassicaceae	Wild	NA	NA	NA
Raphanus sp.	Raphanus sp.	Raphanus	Brassicaceae	Wild	NA	NA	NA
Sisymbrium irio	Sisymbrium irio	Sisymbrium	Brassicaceae	Wild	NA	NA	NA
Sisymbrium sp.	cf. Sisymbrium sp.	Sisymbrium	Brassicaceae	Wild	NA	NA	NA
Sisymbrium sp.	Sisymbrium	Sisymbrium	Brassicaceae	Wild	NA	NA	NA
Thlaspi sp.	Thlaspi	Thlaspi	Brassicaceae	Wild	NA	NA	NA
Torularia torulosa	Torularia torulosa	Torularia	Brassicaceae	Wild	NA	NA	NA
Zilla spinosa	Zilla spinosa	Zilla	Brassicaceae	Wild	NA	NA	NA
Cannabis sativa	Cannabis sativa L.	Cannabis	Cannabaceae	Wild	NA	NA	NA
Celtis australis	Celtis australis L.	Celtis	Cannabaceae	Wild	NA	NA	NA
Celtis sp.	Celtis	Celtis	Cannabaceae	Wild	NA	NA	NA
Celtis sp.	Celtis sp.	Celtis	Cannabaceae	Wild	NA	NA	NA
Celtis tournefortii	Celtis tournefortii	Celtis	Cannabaceae	Wild	NA	NA	NA
Capparis sp.	Capparis	Capparis	Capparaceae	Wild	NA	NA	NA
Capparis sp.	Capparis sp.	Capparis	Capparaceae	Wild	NA	NA	NA
Capparis sp.	cf. Capparis sp.	Capparis	Capparaceae	Wild	NA	NA	NA
Capparis sp.	Chenopodiaceae/Capparis	Capparis	Capparaceae	Wild	NA	NA	NA
Capparis spinosa	Capparis spinosa	Capparis	Capparaceae	Wild	NA	NA	NA
Capparis spinosa	Capparis spinosa L.	Capparis	Capparaceae	Wild	NA	NA	NA
Capparis spinosa	Capparis spinosa var. aegyptiaca	Capparis	Capparaceae	Wild	NA	NA	NA
Cleome chrysantha	Cleome chrysantha	Cleome	Capparaceae	Wild	NA	NA	NA
Cleome ornithopodioides	Cleome ornithopodioides	Cleome	Capparaceae	Wild	NA	NA	NA
Cleome sp.	Cleome	Cleome	Capparaceae	Wild	NA	NA	NA
NA	Capparaceae indeterminate	NA	Capparaceae	Wild	NA	NA	NA
Cephalaria sp.	Cephalaria	Cephalaria	Caprifoliaceae	Wild	NA	NA	NA
Cephalaria syriaca	Cephalaria syriaca	Cephalaria	Caprifoliaceae	Wild	NA	NA	NA
Cephalaria syriaca	Cephalaria syriaca (L.) Schrader	Cephalaria	Caprifoliaceae	Wild	NA	NA	NA
Valerianella coronata	Valerianella coronata	Valerianella	Caprifoliaceae	Wild	NA	NA	NA
Valerianella dentata	Valerianella dentata	Valerianella	Caprifoliaceae	Wild	NA	NA	NA
Valerianella dentata	Valerianella dentata (L.) Pollich	Valerianella	Caprifoliaceae	Wild	NA	NA	NA
Valerianella dentata	Valerianella dentata type	Valerianella	Caprifoliaceae	Wild	NA	NA	NA
Valerianella sp.	Valerianella	Valerianella	Caprifoliaceae	Wild	NA	NA	NA
Valerianella sp.	Valerianella sp. Miller	Valerianella	Caprifoliaceae	Wild	NA	NA	NA
Dianthus sp.	Dianthus	Dianthus	Caryophillaceae	Wild	NA	NA	NA
Gypsophila elegans	Gypsophila elegans	Gypsophila	Caryophillaceae	Wild	NA	NA	NA
Gypsophila obionica	Gypsophila obionica	Gypsophila	Caryophillaceae	Wild	NA	NA	NA
Gypsophila pilosa	Gypsophila pilosa	Gypsophila	Caryophillaceae	Wild	NA	NA	NA
Gypsophila pilosa	Gypsophila pilosa Hudson	Gypsophila	Caryophillaceae	Wild	NA	NA	NA
Gypsophila sp.	Gypsophila	Gypsophila	Caryophillaceae	Wild	NA	NA	NA
Gypsophila sp.	Gypsophila sp.	Gypsophila	Caryophillaceae	Wild	NA	NA	NA
Heteranthelium piliferum	Triticoid type	Heteranthelium	Caryophillaceae	Wild	NA	NA	NA
Heteranthelium sp.	Heteranthelium	Heteranthelium	Caryophillaceae	Wild	NA	NA	NA
Minuartia hybrida	Minuartia hybrida (Vill.)Schischk.	Minuartia	Caryophillaceae	Wild	NA	NA	NA
Minuartia rubella	Minuartia rubella	Minuartia	Caryophillaceae	Wild	NA	NA	NA
Minuartia sp.	Minuartia	Minuartia	Caryophillaceae	Wild	NA	NA	NA
Saponaria sp.	Saponaria	Saponaria	Caryophillaceae	Wild	NA	NA	NA
Scleranthus sp.	Scleranthus	Scleranthus	Caryophillaceae	Wild	NA	NA	NA
Scleranthus sp.	Scleranthus sp.	Scleranthus	Caryophillaceae	Wild	NA	NA	NA
Silene aegyptiaca	Silene aegyptiaca	Silene	Caryophillaceae	Wild	NA	NA	NA
Silene arabica	Silene arabica	Silene	Caryophillaceae	Wild	NA	NA	NA
Silene colorata	Silene colorata	Silene	Caryophillaceae	Wild	NA	NA	NA
Silene dichotoma	Silene dichotoma	Silene	Caryophillaceae	Wild	NA	NA	NA
Silene gallica	Silene gallica L.	Silene	Caryophillaceae	Wild	NA	NA	NA
Silene sp.	Silene	Silene	Caryophillaceae	Wild	NA	NA	NA
Silene sp.	Silene sp.	Silene	Caryophillaceae	Wild	NA	NA	NA
Silene sp.	Silene type	Silene	Caryophillaceae	Wild	NA	NA	NA
Silene sp.	Silene type uncarbonized	Silene	Caryophillaceae	Wild	NA	NA	NA
Spergularia arvensis	Spergularia arvensis	Spergularia	Caryophillaceae	Wild	NA	NA	NA
Spergularia sp.	Spergularia	Spergularia	Caryophillaceae	Wild	NA	NA	NA
Vaccaria pyramidata	Vaccaria pyramidata	Vaccaria	Caryophillaceae	Wild	NA	NA	NA
Vaccaria pyramidata	Vaccaria pyramidata Medik.	Vaccaria	Caryophillaceae	Wild	NA	NA	NA
Vaccaria segetalis	Vaccaria segetalis	Vaccaria	Caryophillaceae	Wild	NA	NA	NA
Vaccaria sp.	cf. Vaccaria	Vaccaria	Caryophillaceae	Wild	NA	NA	NA
Vaccaria sp.	Vaccaria	Vaccaria	Caryophillaceae	Wild	NA	NA	NA
Vaccaria sp.	Vaccaria sp.	Vaccaria	Caryophillaceae	Wild	NA	NA	NA
Agrostemma githago	Agrostemma githago L.	Agrostemma	Caryophyllaceae	Wild	NA	NA	NA
Arenaria serpyllifolia	Arenaria serpyllifolia	Arenaria	Caryophyllaceae	Wild	NA	NA	NA
Arenaria sp.	Arenaria	Arenaria	Caryophyllaceae	Wild	NA	NA	NA
Arenaria sp.	Arenaria sp.	Arenaria	Caryophyllaceae	Wild	NA	NA	NA
Cerastium sp.	Cerastium	Cerastium	Caryophyllaceae	Wild	NA	NA	NA
NA	Arenaria/Minuartia	NA	Caryophyllaceae	Wild	NA	NA	NA
NA	Caryophyllaceae	NA	Caryophyllaceae	Wild	NA	NA	NA
NA	Caryophyllaceae indet.	NA	Caryophyllaceae	Wild	NA	NA	NA
NA	Caryophyllaceae indet. uncarbonized	NA	Caryophyllaceae	Wild	NA	NA	NA
NA	Caryophyllaceae/Chenopodiaceae indet.	NA	Caryophyllaceae	Wild	NA	NA	NA
NA	Silene/Gypsophila	NA	Caryophyllaceae	Wild	NA	NA	NA
Stellaria sp.	Stellaria sp.	Stellaria	Caryophyllaceae	Wild	NA	NA	NA
Chara sp.	Chara sp.	Chara	Characeae	Wild	NA	NA	NA
Atriplex lasiantha	Atriplex lasiantha	Atriplex	Chenopodiaceae	Wild	NA	NA	NA
Atriplex leucoclada	Atriplex leucoclada	Atriplex	Chenopodiaceae	Wild	NA	NA	NA
Atriplex prostrata	Atriplex prostrata	Atriplex	Chenopodiaceae	Wild	NA	NA	NA
Atriplex rosea	Atriplex rosea	Atriplex	Chenopodiaceae	Wild	NA	NA	NA
Atriplex sp.	Atriplex	Atriplex	Chenopodiaceae	Wild	NA	NA	NA
Atriplex sp.	Atriplex sp.	Atriplex	Chenopodiaceae	Wild	NA	NA	NA
Atriplex sp.	Atriplex sp. uncarbonized	Atriplex	Chenopodiaceae	Wild	NA	NA	NA
Chenopodium album	Chenopodium album	Chenopodium	Chenopodiaceae	Wild	NA	NA	NA
Chenopodium album	Chenopodium album L.	Chenopodium	Chenopodiaceae	Wild	NA	NA	NA
Chenopodium album	Chenopodium album L. uncarbonized	Chenopodium	Chenopodiaceae	Wild	NA	NA	NA
Chenopodium glaucum	Chenopodium glaucum	Chenopodium	Chenopodiaceae	Wild	NA	NA	NA
Chenopodium murale	Chenopodium cf. murale L.	Chenopodium	Chenopodiaceae	Wild	NA	NA	NA
Chenopodium murale	Chenopodium murale L.	Chenopodium	Chenopodiaceae	Wild	NA	NA	NA
Chenopodium rubrum	Chenopodium rubrum	Chenopodium	Chenopodiaceae	Wild	NA	NA	NA
Chenopodium sp.	cf. Chenopodium sp.	Chenopodium	Chenopodiaceae	Wild	NA	NA	NA
Chenopodium sp.	Chenopodium	Chenopodium	Chenopodiaceae	Wild	NA	NA	NA
Chenopodium sp.	Chenopodium rubrum/glaucum uncarbonized	Chenopodium	Chenopodiaceae	Wild	NA	NA	NA
Chenopodium sp.	Chenopodium sp.	Chenopodium	Chenopodiaceae	Wild	NA	NA	NA
NA	Atriplex/Chenopodium	NA	Chenopodiaceae	Wild	NA	NA	NA
NA	Chenopodiaceae indet.	NA	Chenopodiaceae	Wild	NA	NA	NA
Helianthemum ledifolium	Helianthemum ledifolium	Helianthemum	Cistaceae	Wild	NA	NA	NA
Helianthemum salicifolium	Helianthemum salicifolium	Helianthemum	Cistaceae	Wild	NA	NA	NA
Helianthemum salicifolium	Helianthemum salicifolium (L.) Miller	Helianthemum	Cistaceae	Wild	NA	NA	NA
Helianthemum sp.	cf. Helianthemum sp.	Helianthemum	Cistaceae	Wild	NA	NA	NA
Helianthemum sp.	Helianthemum	Helianthemum	Cistaceae	Wild	NA	NA	NA
NA	Cistaceae indeterminatae	NA	Cistaceae	Wild	NA	NA	NA
Leontodon sp.	Leontodon sp. L.	Leontodon	Compositae	Wild	NA	NA	NA
Convolvulus arvensis	Convolvulus arvensis	Convolvulus	Convolvulaceae	Wild	NA	NA	NA
Convolvulus sp.	Convolvulus	Convolvulus	Convolvulaceae	Wild	NA	NA	NA
Convolvulus sp.	Convolvulus sp. L.	Convolvulus	Convolvulaceae	Wild	NA	NA	NA
Cornus mas	Cornus mas	Cornus	Cornaceae	Wild	NA	NA	NA
Cornus mas	Cornus mas L.	Cornus	Cornaceae	Wild	NA	NA	NA
Bryonia sp.	Bryonia	Bryonia	Cucurbitaceae	Wild	NA	NA	NA
Citrullus colocynthis	Citrullus colocynthis	Citrullus	Cucurbitaceae	Wild	NA	NA	NA
Citrullus colocynthis	Citrullus colocynthis (L.) Schrader in Linnaea	Citrullus	Cucurbitaceae	Wild	NA	NA	NA
Cucumis melo	Cucumis melo dessicated	Cucumis	Cucurbitaceae	Wild	NA	NA	NA
Cucumis melo	Cucumis melo L.	Cucumis	Cucurbitaceae	Wild	NA	NA	NA
Cucumis sp.	Cucumis sp. uncarbonized	Cucumis	Cucurbitaceae	Wild	NA	NA	NA
NA	Cucumis/Citrullus	NA	Cucurbitaceae	Wild	NA	NA	NA
NA	Cucurbitaceae	NA	Cucurbitaceae	Wild	NA	NA	NA
NA	Cucurbitaceae indeterminate	NA	Cucurbitaceae	Wild	NA	NA	NA
Cupressus sempervirens	Cupressus sempervirens	Cupressus	Cupressaceae	Wild	NA	NA	NA
Juniperus sp.	Juniperus sp.	Juniperus	Cupressaceae	Wild	NA	NA	NA
Cuscuta sp.	Cuscuta	Cuscuta	Cuscutaceae	Wild	NA	NA	NA
Bolboschoenus glaucus	Bolboschoenus glaucus	Bolboschoenus	Cyperaceae	Wild	NA	NA	NA
Bolboschoenus maritimus	Bolboschoenus maritimus	Bolboschoenus	Cyperaceae	Wild	NA	NA	NA
Carex divisa	Carex divisa	Carex	Cyperaceae	Wild	NA	NA	NA
Carex divisa	Carex divisa Hudson	Carex	Cyperaceae	Wild	NA	NA	NA
Carex divulsa	Carex divulsa Stokes	Carex	Cyperaceae	Wild	NA	NA	NA
Carex sp.	Carex	Carex	Cyperaceae	Wild	NA	NA	NA
Carex sp.	Carex sp.	Carex	Cyperaceae	Wild	NA	NA	NA
Carex sp.	Carex sp. mineralized	Carex	Cyperaceae	Wild	NA	NA	NA
Carex sp.	cf. Carex sp.	Carex	Cyperaceae	Wild	NA	NA	NA
Cyperus articulatus	Cyperus articulatus	Cyperus	Cyperaceae	Wild	NA	NA	NA
Cyperus aucheri	Cyperus aucheri	Cyperus	Cyperaceae	Wild	NA	NA	NA
Cyperus papyrus	Cyperus papyrus wood	Cyperus	Cyperaceae	Wild	NA	NA	TRUE
Cyperus rotundus	Cyperus rotundus L.	Cyperus	Cyperaceae	Wild	NA	NA	NA
Cyperus sp.	Cyperus	Cyperus	Cyperaceae	Wild	NA	NA	NA
Cyperus sp.	Cyperus sp.	Cyperus	Cyperaceae	Wild	NA	NA	NA
Cyperus sp.	Cyperus sp. uncarbonized	Cyperus	Cyperaceae	Wild	NA	NA	NA
Eleocharis sp.	cf. Eleocharis sp.	Eleocharis	Cyperaceae	Wild	NA	NA	NA
Eleocharis sp.	Eleocharis	Eleocharis	Cyperaceae	Wild	NA	NA	NA
Eleocharis sp.	Eleocharis sp.	Eleocharis	Cyperaceae	Wild	NA	NA	NA
Eleocharis sp.	Eleocharis sp. (mineralized)	Eleocharis	Cyperaceae	Wild	NA	NA	NA
Fimbristylis bisumbellata	Fimbristylis bisumbellata (Forsskål) Bubani	Fimbristylis	Cyperaceae	Wild	NA	NA	NA
Fimbristylis sp.	Fimbristylis type	Fimbristylis	Cyperaceae	Wild	NA	NA	NA
NA	Bolboschoenus maritimus/Eleocharis dulcis	NA	Cyperaceae	Wild	NA	NA	NA
NA	Cyperaceae	NA	Cyperaceae	Wild	NA	NA	NA
NA	Cyperaceae indet.	NA	Cyperaceae	Wild	NA	NA	NA
NA	Cyperaceae indet. uncarbonized	NA	Cyperaceae	Wild	NA	NA	NA
NA	Scirpus/Cyperus	NA	Cyperaceae	Wild	NA	NA	NA
Schoenoplectus litoralis	Schoenoplectus litoralis (Schrader) Palla	Schoenoplectus	Cyperaceae	Wild	NA	NA	NA
Schoenoplectus sp.	Schoenoplectus	Schoenoplectus	Cyperaceae	Wild	NA	NA	NA
Schoenoplectus sp.	Schoenoplectus sp.	Schoenoplectus	Cyperaceae	Wild	NA	NA	NA
Schoenoplectus triquetius	Schoenoplectus triquetius	Schoenoplectus	Cyperaceae	Wild	NA	NA	NA
Schoenus nigricans	Schoenus nigricans L.	Schoenus	Cyperaceae	Wild	NA	NA	NA
Scirpus lacustris	Scirpus lacustris	Scirpus	Cyperaceae	Wild	NA	NA	NA
Scirpus maritimus	Scirpus maritimus L.	Scirpus	Cyperaceae	Wild	NA	NA	NA
Scirpus maritimus	Scirpus maritimus type	Scirpus	Cyperaceae	Wild	NA	NA	NA
Scirpus setaceus	Scirpus setaceus L.	Scirpus	Cyperaceae	Wild	NA	NA	NA
Scirpus sp.	Scirpus	Scirpus	Cyperaceae	Wild	NA	NA	NA
Scirpus sp.	Scirpus maritimus/tuberosus	Scirpus	Cyperaceae	Wild	NA	NA	NA
Scirpus sp.	Scirpus sp.	Scirpus	Cyperaceae	Wild	NA	NA	NA
Scirpus tabernaemontani	Scirpus tabernaemontani	Scirpus	Cyperaceae	Wild	NA	NA	NA
NA	Dipsacaceae indeterminate	NA	Dipsacaceae	Wild	NA	NA	NA
Equisetum sp.	Equisetum	Equisetum	Equisetaceae	Wild	NA	NA	NA
Chrozophora sp.	Chrozophora	Chrozophora	Euphorbiaceae	Wild	NA	NA	NA
Euphorbia falcata	Euphorbia falcata L.	Euphorbia	Euphorbiaceae	Wild	NA	NA	NA
Euphorbia helioscopia	Euphorbia helioscopia L.	Euphorbia	Euphorbiaceae	Wild	NA	NA	NA
Euphorbia peplus	Euphorbia peplus L.	Euphorbia	Euphorbiaceae	Wild	NA	NA	NA
Euphorbia sp.	Euphorbia	Euphorbia	Euphorbiaceae	Wild	NA	NA	NA
Euphorbia sp.	Euphorbia sp.	Euphorbia	Euphorbiaceae	Wild	NA	NA	NA
NA	Euphorbiaceae indeterminate	NA	Euphorbiaceae	Wild	NA	NA	NA
Acacia nilotica	Acacia nilotica (L.) Delile	Acacia	Fabaceae	Wild	NA		NA
Acacia nilotica	Acacia nilotica (L.) Delile wood	Acacia	Fabaceae	Wild	NA		TRUE
Acacia raddiana	Acacia raddiana wood	Acacia	Fabaceae	Wild	NA		TRUE
Acacia sp.	Acacia sp. wood	Acacia	Fabaceae	Wild	NA		TRUE
Alhagi sp.	Alhagi sp.	Alhagi	Fabaceae	Wild	NA		NA
Alhagi sp.	cf. Alhagi sp.	Alhagi	Fabaceae	Wild	NA		NA
Astragalus annularis	cf. Astragalus annularis	Astragalus	Fabaceae	Wild	NA		NA
Astragalus callichrous	Astragalus callichrous	Astragalus	Fabaceae	Wild	NA	Small-seeded	NA
Astragalus sp.	Astragalus	Astragalus	Fabaceae	Wild	NA	Small-seeded	NA
Astragalus sp.	Astragalus callichrous/asterias	Astragalus	Fabaceae	Wild	NA	Small-seeded	NA
Astragalus sp.	Astragalus sp.	Astragalus	Fabaceae	Wild	NA	Small-seeded	NA
Astragalus sp.	cf. Astragalus sp.	Astragalus	Fabaceae	Wild	NA	Small-seeded	NA
Astragalus tribuloides	Astragalus tribuloides	Astragalus	Fabaceae	Wild	NA		NA
Astragalus vogelii	Astragalus vogelii	Astragalus	Fabaceae	Wild	NA		NA
Ceratonia siliqua	Ceratonia siliqua	Ceratonia	Fabaceae	Wild	NA	Large/medium-seeded	NA
Cicer arietinum	Cicer arietinum	Cicer	Fabaceae	Founder crop	NA		NA
Cicer arietinum	Cicer arietinum L.	Cicer	Fabaceae	Founder crop	NA		NA
Cicer sp.	Cicer	Cicer	Fabaceae	Founder crop	NA		NA
Cicer sp.	Cicer arietinum reticulatum/arietinum	Cicer	Fabaceae	Founder crop	NA		NA
Colutea sp.	Colutea	Colutea	Fabaceae	Wild	NA	Large/medium-seeded	NA
Coronilla sp.	Coronilla	Coronilla	Fabaceae	Wild	NA	Small-seeded	NA
Coronilla sp.	Coronilla sp.	Coronilla	Fabaceae	Wild	NA	Small-seeded	NA
Glycyrrhiza glabra	Glycyrrhiza glabra	Glycyrrhiza	Fabaceae	Wild	NA	Small-seeded	NA
Glycyrrhiza sp.	Glycyrrhiza	Glycyrrhiza	Fabaceae	Wild	NA	Small-seeded	NA
Hippocrepis unisiliquosa	Hippocrepis unisiliquosa L.	Hippocrepis	Fabaceae	Wild	NA		NA
Lathryrus sp.	Lathryrus/sativus/cicera	Lathyrus	Fabaceae	Wild	NA	Large/medium-seeded	NA
Lathyrus aphaca	Lathyrus aphaca	Lathyrus	Fabaceae	Wild	NA	Large/medium-seeded	NA
Lathyrus aphaca	Lathyrus aphaca L.	Lathyrus	Fabaceae	Wild	NA	Large/medium-seeded	NA
Lathyrus cicera	Lathyrus cicera	Lathyrus	Fabaceae	Wild	NA	Large/medium-seeded	NA
Lathyrus cicera	Lathyrus cicera L.	Lathyrus	Fabaceae	Wild	NA	Large/medium-seeded	NA
Lathyrus hirsutus	Lathyrus hirsutus	Lathyrus	Fabaceae	Wild	NA	Large/medium-seeded	NA
Lathyrus hirsutus	Lathyrus hirsutus L.	Lathyrus	Fabaceae	Wild	NA	Large/medium-seeded	NA
Lathyrus nissolia	Lathyrus nissolia	Lathyrus	Fabaceae	Wild	NA	Large/medium-seeded	NA
Lathyrus sativus	Lathyrus sativus	Lathyrus	Fabaceae	Other crop	NA	Large/medium-seeded	NA
Lathyrus sativus	Lathyrus sativus L.	Lathyrus	Fabaceae	Other crop	NA	Large/medium-seeded	NA
Lathyrus sativus	Lathyrus sativus type	Lathyrus	Fabaceae	Other crop	NA	Large/medium-seeded	NA
Lathyrus sp.	cf. Lathyrus sp.	Lathyrus	Fabaceae	Wild	NA	Large/medium-seeded	NA
Lathyrus sp.	Lathyrus	Lathyrus	Fabaceae	Wild	NA	Large/medium-seeded	NA
Lathyrus sp.	Lathyrus cicera/sativus	Lathyrus	Fabaceae	Wild	NA	Large/medium-seeded	NA
Lathyrus sp.	Lathyrus sp.	Lathyrus	Fabaceae	Wild	NA	Large/medium-seeded	NA
Lens culinaris	Lens culinaris	Lens	Fabaceae	Founder crop	NA		NA
Lens culinaris	Lens culinaris Medik.	Lens	Fabaceae	Founder crop	NA		NA
Lens orientalis	Lens orientalis	Lens	Fabaceae	Founder crop	NA		NA
Lens sp.	cf. Lens sp.	Lens	Fabaceae	Founder crop	NA		NA
Lens sp.	Lens	Lens	Fabaceae	Founder crop	NA		NA
Lens sp.	Lens orientalis/culinaris	Lens	Fabaceae	Founder crop	NA		NA
Lens sp.	Lens sp.	Lens	Fabaceae	Founder crop	NA		NA
Lupinus albus	Lupinus albus L.	Lupinus	Fabaceae	Wild	NA	Large/medium-seeded	NA
Lupinus angustifolius	Lupinus angustifolius	Lupinus	Fabaceae	Wild	NA	Large/medium-seeded	NA
Lupinus pilosus	Lupinus pilosus	Lupinus	Fabaceae	Wild	NA	Large/medium-seeded	NA
Lupinus sp.	Lupinus	Lupinus	Fabaceae	Wild	NA	Large/medium-seeded	NA
Medicago laciniata	Medicago laciniata	Medicago	Fabaceae	Wild	NA	Small-seeded	NA
Medicago minima	Medicago minima	Medicago	Fabaceae	Wild	NA	Small-seeded	NA
Medicago orbicularis	Medicago orbicularis (L.) Bart.	Medicago	Fabaceae	Wild	NA	Small-seeded	NA
Medicago polymorpha	Medicago polymorpha	Medicago	Fabaceae	Wild	NA	Small-seeded	NA
Medicago radiata	Medicago radiata	Medicago	Fabaceae	Wild	NA	Small-seeded	NA
Medicago radiata	Medicago radiata L.	Medicago	Fabaceae	Wild	NA	Small-seeded	NA
Medicago sp.	cf. Medicago sp.	Medicago	Fabaceae	Wild	NA		NA
Medicago sp.	Medicago	Medicago	Fabaceae	Wild	NA	Small-seeded	NA
Medicago sp.	Medicago sp.	Medicago	Fabaceae	Wild	NA	Small-seeded	NA
Medicago sp.	Medicago sp. Sect. Spirocarpos Ser. (pod)	Medicago	Fabaceae	Wild	NA	Small-seeded	NA
Medicago sp.	Medicago type	Medicago	Fabaceae	Wild	NA	Small-seeded	NA
Medicago truncatula	Medicago truncatula Gaertn.	Medicago	Fabaceae	Wild	NA	Small-seeded	NA
Melilotus sp.	Melilotus	Melilotus	Fabaceae	Wild	NA	Small-seeded	NA
NA	Acacia/Prosopis	NA	Fabaceae	Wild	NA	Large/medium-seeded	NA
NA	Astragalus/Trigonella	NA	Fabaceae	Wild	NA		NA
NA	cf. Trifolium/Trigonella	NA	Fabaceae	Wild	NA		NA
NA	Cicer/Lathyrus	NA	Fabaceae	Wild	NA		NA
NA	Fabaceae	NA	Fabaceae	Wild	NA	Inteterminate	NA
NA	Fabaceae indet.	NA	Fabaceae	Wild	NA	Inteterminate	NA
NA	Fabaceae indet. pod	NA	Fabaceae	Wild	NA	Inteterminate	NA
NA	Fabaceae indeterminate large	NA	Fabaceae	Wild	NA	Inteterminate	NA
NA	Fabaceae indeterminate small	NA	Fabaceae	Wild	NA	Inteterminate	NA
NA	Fabaceae sat. indet.	NA	Fabaceae	Wild	NA	Inteterminate	NA
NA	Fabeae	NA	Fabaceae	Wild	NA	Inteterminate	NA
NA	Faboideae	NA	Fabaceae	Wild	NA	Inteterminate	NA
NA	Glycyrrhiza/Onobrychis	NA	Fabaceae	Wild	NA	Large/medium-seeded	NA
NA	Lens/Pisum	NA	Fabaceae	Wild	NA		NA
NA	Medicago/Trifolium	NA	Fabaceae	Wild	NA	Small-seeded	NA
NA	Melilotus/Trifolium	NA	Fabaceae	Wild	NA	Small-seeded	NA
NA	Pisum/Lathyrus sp.	NA	Fabaceae	Wild	NA		NA
NA	Pisum/Vicia sp.	NA	Fabaceae	Wild	NA		NA
NA	Pisum/Vicia/Lathyrus	NA	Fabaceae	Wild	NA	Large/medium-seeded	NA
NA	Prosopis/Citrullus	NA	Fabaceae	Wild	NA	Large/medium-seeded	NA
NA	small legumes total	NA	Fabaceae	Wild	NA		NA
NA	SSLEG	NA	Fabaceae	Wild	NA	Small-seeded	NA
NA	Trifolieae	NA	Fabaceae	Wild	NA	Small-seeded	NA
NA	Trifolieae/Astragalus	NA	Fabaceae	Wild	NA	Small-seeded	NA
NA	Vicia/Lathyrus	NA	Fabaceae	Wild	NA	Large/medium-seeded	NA
NA	Vicia/Pisum	NA	Fabaceae	Wild	NA	Large/medium-seeded	NA
Onobrychis crista-galli	Onobrychis crista-galli	Onobrychis	Fabaceae	Wild	NA	Large/medium-seeded	NA
Onobrychis sp.	cf. Onobrychis sp.	Onobrychis	Fabaceae	Wild	NA	Large/medium-seeded	NA
Onobrychis sp.	Onobrychis	Onobrychis	Fabaceae	Wild	NA	Large/medium-seeded	NA
Onobrychis sp.	Onobrychis sp.	Onobrychis	Fabaceae	Wild	NA	Large/medium-seeded	NA
Ononis serrata	Ononis serrata	Ononis	Fabaceae	Wild	NA	Small-seeded	NA
Ononis sp.	Ononis	Ononis	Fabaceae	Wild	NA	Small-seeded	NA
Ononis viscosa	Ononis viscosa L.	Ononis	Fabaceae	Wild	NA	Small-seeded	NA
Pisum elatius	Pisum elatius	Pisum	Fabaceae	Founder crop	NA		NA
Pisum elatius	Pisum elatius Bieb.	Pisum	Fabaceae	Founder crop	NA		NA
Pisum sativum	Pisum sativum	Pisum	Fabaceae	Founder crop	NA		NA
Pisum sativum	Pisum sativum L.	Pisum	Fabaceae	Founder crop	NA		NA
Pisum sp.	cf. Pisum sp.	Pisum	Fabaceae	Founder crop	NA		NA
Pisum sp.	Pisum	Pisum	Fabaceae	Founder crop	NA		NA
Pisum sp.	Pisum sp.	Pisum	Fabaceae	Founder crop	NA		NA
Prosopis farcta	Prosopis farcta	Prosopis	Fabaceae	Wild	NA	Large/medium-seeded	NA
Prosopis farcta	Prosopis farcta (Banks & Sol.) Macbride in Contrib. Gray Herb	Prosopis	Fabaceae	Wild	NA	Large/medium-seeded	NA
Prosopis sp.	Prosopis	Prosopis	Fabaceae	Wild	NA	Large/medium-seeded	NA
Prosopis sp.	Prosopis sp.	Prosopis	Fabaceae	Wild	NA	Large/medium-seeded	NA
Retama raetam	Retama raetam	Retama	Fabaceae	Wild	NA	Large/medium-seeded	NA
Scorpiurus muricatus	Scorpiurus muricatus	Scorpiurus	Fabaceae	Wild	NA	Small-seeded	NA
Scorpiurus muricatus	Scorpiurus muricatus L.	Scorpiurus	Fabaceae	Wild	NA	Small-seeded	NA
Scorpiurus sp.	Scorpiurus	Scorpiurus	Fabaceae	Wild	NA	Small-seeded	NA
Scorpiurus sp.	Scorpiurus sp.	Scorpiurus	Fabaceae	Wild	NA	Small-seeded	NA
Sophora sp.	Sophora	Sophora	Fabaceae	Wild	NA	Large/medium-seeded	NA
Trifolium sp.	cf. Trifolium sp.	Trifolium	Fabaceae	Wild	NA		NA
Trifolium sp.	Trifolium	Trifolium	Fabaceae	Wild	NA	Small-seeded	NA
Trifolium sp.	Trifolium sp.	Trifolium	Fabaceae	Wild	NA	Small-seeded	NA
Trifolium sp.	Trifolium type	Trifolium	Fabaceae	Wild	NA	Small-seeded	NA
Trigonella arabica	Trigonella arabica	Trigonella	Fabaceae	Wild	NA	Small-seeded	NA
Trigonella astroites	Trigonella astroites	Trigonella	Fabaceae	Wild	NA	Small-seeded	NA
Trigonella astroites	Trigonella astroites - type	Trigonella	Fabaceae	Wild	NA	Small-seeded	NA
Trigonella noeana	Trigonella noeana	Trigonella	Fabaceae	Wild	NA	Small-seeded	NA
Trigonella sibthorpii	Trigonella sibthorpii	Trigonella	Fabaceae	Wild	NA	Small-seeded	NA
Trigonella sp.	Trigonella	Trigonella	Fabaceae	Wild	NA	Small-seeded	NA
Trigonella sp.	Trigonella arabica/schlumbergeri	Trigonella	Fabaceae	Wild	NA	Small-seeded	NA
Trigonella sp.	Trigonella sp.	Trigonella	Fabaceae	Wild	NA	Small-seeded	NA
Trigonella sp.	Trigonella type	Trigonella	Fabaceae	Wild	NA	Small-seeded	NA
Vicia ervilia	cf. Vicia ervilia	Vicia	Fabaceae	Founder crop	NA		NA
Vicia ervilia	Vicia ervilia	Vicia	Fabaceae	Founder crop	NA	Large/medium-seeded	NA
Vicia ervilia	Vicia ervilia (L.) Willd.	Vicia	Fabaceae	Founder crop	NA	Large/medium-seeded	NA
Vicia faba	cf. Vicia faba	Vicia	Fabaceae	Other crop	NA		NA
Vicia faba	Vicia faba	Vicia	Fabaceae	Other crop	NA	Large/medium-seeded	NA
Vicia faba	Vicia faba L.	Vicia	Fabaceae	Other crop	NA	Large/medium-seeded	NA
Vicia faba	Vicia faba var. minuta	Vicia	Fabaceae	Other crop	NA	Large/medium-seeded	NA
Vicia narbonense	Vicia narbonense	Vicia	Fabaceae	Wild	NA	Large/medium-seeded	NA
Vicia peregrina	Vicia peregrina	Vicia	Fabaceae	Wild	NA	Large/medium-seeded	NA
Vicia sativa	Vicia sativa	Vicia	Fabaceae	Other crop	NA	Large/medium-seeded	NA
Vicia sativa	Vicia sativa L.	Vicia	Fabaceae	Other crop	NA	Large/medium-seeded	NA
Vicia sativa	Vicia sativa ssp. angustifolia	Vicia	Fabaceae	Other crop	NA	Large/medium-seeded	NA
Vicia sp.	Vicia	Vicia	Fabaceae	Wild	NA	Large/medium-seeded	NA
Vicia sp.	Vicia faba/narbonense	Vicia	Fabaceae	Wild	NA	Large/medium-seeded	NA
Vicia sp.	Vicia sp.	Vicia	Fabaceae	Wild	NA	Large/medium-seeded	NA
Vicia sp.	Vicia spp.	Vicia	Fabaceae	Wild	NA	Large/medium-seeded	NA
Vicia sp.	Vicia type	Vicia	Fabaceae	Wild	NA	Large/medium-seeded	NA
Quercus infectoria	Quercus infectoria type wood	Quercus	Fagaceae	Wild	NA	NA	TRUE
Quercus ithaburensis	Quercus ithaburensis	Quercus	Fagaceae	Wild	NA	NA	NA
Quercus sp.	Quercus	Quercus	Fagaceae	Wild	NA	NA	NA
Quercus sp.	Quercus sp.	Quercus	Fagaceae	Wild	NA	NA	NA
Quercus sp.	Quercus sp., wood	Quercus	Fagaceae	Wild	NA	NA	TRUE
Frankenia sp.	Frankenia hirsuta/revoluta	Frankenia	Frankeniaceae	Wild	NA	NA	NA
Erodium ciconium	Erodium ciconium	Erodium	Geraniaceae	Wild	NA	NA	NA
Erodium gruinum	Erodium gruinum	Erodium	Geraniaceae	Wild	NA	NA	NA
Erodium sp.	Erodium	Erodium	Geraniaceae	Wild	NA	NA	NA
Erodium sp.	Erodium sp.	Erodium	Geraniaceae	Wild	NA	NA	NA
Geranium dissectum	Geranium dissectum L.	Geranium	Geraniaceae	Wild	NA	NA	NA
Geranium sp.	Geranium	Geranium	Geraniaceae	Wild	NA	NA	NA
Geranium sp.	Geranium sp.	Geranium	Geraniaceae	Wild	NA	NA	NA
NA	Geraniaceae	NA	Geraniaceae	Wild	NA	NA	NA
Hypericum sp.	Hypericum sp.	Hypericum	Hypericaceae	Wild	NA	NA	NA
Hypericum sp.	Hypericum type	Hypericum	Hypericaceae	Wild	NA	NA	NA
Isoetes duriei	Isoëtes duriei Bory	Isoetes	Isoetaceae	Wild	NA	NA	NA
Juglans regia	Juglans regia	Juglans	Juglandaceae	Wild	NA	NA	NA
Juncus rigidus	Juncus rigidus Desf.	Juncus	Juncaceae	Wild	NA	NA	NA
Juncus sp.	Juncus	Juncus	Juncaceae	Wild	NA	NA	NA
Juncus sp.	Juncus sp.	Juncus	Juncaceae	Wild	NA	NA	NA
Ajuga iva	Ajuga iva	Ajuga	Lamiaceae	Wild	NA	NA	NA
Ajuga sp.	Ajuga	Ajuga	Lamiaceae	Wild	NA	NA	NA
Ajuga sp.	Ajuga sp.	Ajuga	Lamiaceae	Wild	NA	NA	NA
Ajuga sp.	Ajuga sp. uncarbonized	Ajuga	Lamiaceae	Wild	NA	NA	NA
Ballota sp.	Ballota sp.	Ballota	Lamiaceae	Wild	NA	NA	NA
Lallemantia sp.	Lallemantia	Lallemantia	Lamiaceae	Wild	NA	NA	NA
Lycopus sp.	Lycopus sp.	Lycopus	Lamiaceae	Wild	NA	NA	NA
Lycopus sp.	Lycopus sp. uncarbonized	Lycopus	Lamiaceae	Wild	NA	NA	NA
Mentha sp.	cf. Mentha sp.	Mentha	Lamiaceae	Wild	NA	NA	NA
Mentha sp.	Mentha sp. uncarbonized	Mentha	Lamiaceae	Wild	NA	NA	NA
Micromeria sp.	Micromeria	Micromeria	Lamiaceae	Wild	NA	NA	NA
NA	Ajuga/Teucrium	NA	Lamiaceae	Wild	NA	NA	NA
NA	Lamiaceae	NA	Lamiaceae	Wild	NA	NA	NA
NA	Lamiaceae indet.	NA	Lamiaceae	Wild	NA	NA	NA
NA	Lamiaceae indet. uncarbonized	NA	Lamiaceae	Wild	NA	NA	NA
NA	Teucrium/Ajuga sp.	NA	Lamiaceae	Wild	NA	NA	NA
Salvia cryptantha	Salvia cryptantha	Salvia	Lamiaceae	Wild	NA	NA	NA
Stachys sp.	Stachys	Stachys	Lamiaceae	Wild	NA	NA	NA
Stachys sp.	Stachys type uncarbonized	Stachys	Lamiaceae	Wild	NA	NA	NA
Teucrium polium	Teucrium polium L.	Teucrium	Lamiaceae	Wild	NA	NA	NA
Teucrium sp.	Teucrium	Teucrium	Lamiaceae	Wild	NA	NA	NA
Teucrium sp.	Teucrium sp.	Teucrium	Lamiaceae	Wild	NA	NA	NA
Vitex agnus-castus	Vitex agnus-castus	Vitex	Lamiaceae	Wild	NA	NA	NA
Ziziphora sp.	cf. Ziziphora sp.	Ziziphora	Lamiaceae	Wild	NA	NA	NA
Ziziphora sp.	Ziziphora	Ziziphora	Lamiaceae	Wild	NA	NA	NA
Ziziphora tenuir	Ziziphora tenuir	Ziziphora	Lamiaceae	Wild	NA	NA	NA
Utricularia vulgaris	Utricularia vulgaris L.	Utricularia	Lentibulariaceae	Wild	NA	NA	NA
NA	Liliaceae	NA	Liliaceae	Wild	NA	NA	NA
NA	Liliaceae indeterminate	NA	Liliaceae	Wild	NA	NA	NA
Reboudia pinnata	Reboudia pinnata	Reboudia	Liliaceae	Wild	NA	NA	NA
Reboudia pinnata	Reboudia pinnata  (Viv.) O.E. Schulz	Reboudia	Liliaceae	Wild	NA	NA	NA
Linum bienne	Linum bienne	Linum	Linaceae	Founder crop	NA	NA	NA
Linum mucronatum	Linum mucronatum	Linum	Linaceae	Founder crop	NA	NA	NA
Linum sp.	cf. Linum sp.	Linum	Linaceae	Founder crop	NA	NA	NA
Linum sp.	Linum	Linum	Linaceae	Founder crop	NA	NA	NA
Linum sp.	Linum bienne/usitatissimum	Linum	Linaceae	Founder crop	NA	NA	NA
Linum sp.	Linum sp.	Linum	Linaceae	Founder crop	NA	NA	NA
Linum strictum	Linum strictum L.	Linum	Linaceae	Founder crop	NA	NA	NA
Linum usitatissimum	Linum usitatissimum	Linum	Linaceae	Founder crop	NA	NA	NA
Linum usitatissimum	Linum usitatissimum L.	Linum	Linaceae	Founder crop	NA	NA	NA
Linum usitatissimum	Linum usitatissimum L. dessicated	Linum	Linaceae	Founder crop	NA	NA	NA
Linum usitatissimum	Linum usitatissimum L. dessicated capsule	Linum	Linaceae	Founder crop	NA	NA	NA
Abutilon teophrasti	Abutilon teophrasti	Abutilon	Malvaceae	Wild	NA	NA	NA
Alcea sp.	Alcea	Alcea	Malvaceae	Wild	NA	NA	NA
Malva aegyptia	Malva aegyptia L.	Malva	Malvaceae	Wild	NA	NA	NA
Malva nicaeensis	Malva nicaeensis	Malva	Malvaceae	Wild	NA	NA	NA
Malva parviflora	Malva parviflora	Malva	Malvaceae	Wild	NA	NA	NA
Malva parviflora	Malva parviflora L.	Malva	Malvaceae	Wild	NA	NA	NA
Malva sp.	cf. Malva sp.	Malva	Malvaceae	Wild	NA	NA	NA
Malva sp.	Malva	Malva	Malvaceae	Wild	NA	NA	NA
Malva sp.	Malva nicaensis/sylvestris	Malva	Malvaceae	Wild	NA	NA	NA
Malva sp.	Malva parviflora/nicaeensis	Malva	Malvaceae	Wild	NA	NA	NA
Malva sp.	Malva sp.	Malva	Malvaceae	Wild	NA	NA	NA
Malva sp.	Malva sp. uncarbonized	Malva	Malvaceae	Wild	NA	NA	NA
Malva sylvestris	Malva sylvestris	Malva	Malvaceae	Wild	NA	NA	NA
Malva sylvestris	Malva sylvestris L.	Malva	Malvaceae	Wild	NA	NA	NA
NA	Malvaceae	NA	Malvaceae	Wild	NA	NA	NA
NA	Malvaceae indet.	NA	Malvaceae	Wild	NA	NA	NA
Ficus carica	Ficus carica	Ficus	Moraceae	Wild	NA	NA	NA
Ficus carica	Ficus carica L.	Ficus	Moraceae	Wild	NA	NA	NA
Ficus carica	Ficus carica L., uncarbonized	Ficus	Moraceae	Wild	NA	NA	NA
Ficus sp.	Ficus	Ficus	Moraceae	Wild	NA	NA	NA
Ficus sp.	Ficus sp.	Ficus	Moraceae	Wild	NA	NA	NA
NA	Moraceae	NA	Moraceae	Wild	NA	NA	NA
Aellinia sp.	Aellinia sp.	Aellinia	NA	NA	NA	NA	NA
NA	Brassicaceae and Chenopodiaceae	NA	NA	NA	NA	NA	NA
NA	category: wet loving species	NA	NA	NA	NA	NA	NA
NA	Chenopodiaceae/Caryophyllaceae	NA	NA	NA	NA	NA	NA
NA	Chenopodiaceae/Caryophyllaceae indeterminate	NA	NA	NA	NA	NA	NA
NA	Chenopodiaceae/Crucifer	NA	NA	NA	NA	NA	NA
NA	Compositae/Labiatae	NA	NA	NA	NA	NA	NA
NA	Dipsacaceae/Compositae	NA	NA	NA	NA	NA	NA
NA	fruits/nuts	NA	NA	NA	NA	NA	NA
NA	Gramineae/Cyperaceae	NA	NA	NA	NA	NA	NA
NA	indet nut/fruit	NA	NA	NA	NA	NA	NA
NA	indet wild	NA	NA	Wild	NA	NA	NA
NA	indet. (large pulse)	NA	NA	NA	NA	NA	NA
NA	indeterminata	NA	NA	NA	NA	NA	NA
NA	indeterminate wood	NA	NA	NA	NA	NA	TRUE
NA	LSLEG	NA	NA	NA	NA	NA	NA
NA	other weeds total including indet. Types	NA	NA	Wild	NA	NA	NA
NA	Parenchyma	NA	NA	NA	NA	NA	NA
NA	Pistacia/Celtis	NA	NA	NA	NA	NA	NA
NA	sedges/nutlets	NA	NA	NA	NA	NA	NA
NA	Suaeda/Scirpus maritimus	NA	NA	NA	NA	NA	NA
Peganum harmala	Peganum harmala	Peganum	Nitrariaceae	Wild	NA	NA	NA
Peganum harmala	Peganum harmala L.	Peganum	Nitrariaceae	Wild	NA	NA	NA
Peganum sp.	Peganum sp.	Peganum	Nitrariaceae	Wild	NA	NA	NA
Fraxinus sp.	Fraxinus sp. wood	Fraxinus	Oleaceae	Wild	NA	NA	TRUE
Olea europaea	Olea europaea L.	Olea	Oleaceae	Wild	NA	NA	NA
Olea europaea	Olea europaea L. wood	Olea	Oleaceae	Wild	NA	NA	TRUE
Olea europaea	Olea europea	Olea	Oleaceae	Wild	NA	NA	NA
Olea sp.	Olea	Olea	Oleaceae	Wild	NA	NA	NA
Olea sp.	Olea sp. L.	Olea	Oleaceae	Wild	NA	NA	NA
Oxalis sp.	Oxalis sp.	Oxalis	Oxalidaceae	Wild	NA	NA	NA
Corydalis sp.	Corydalis	Corydalis	Papaveraceae	Wild	NA	NA	NA
Corydalis sp.	Corydalis sp.	Corydalis	Papaveraceae	Wild	NA	NA	NA
Fumaria densiflora	Fumaria densiflora	Fumaria	Papaveraceae	Wild	NA	NA	NA
Fumaria officinalis	Fumaria officinalis L. type	Fumaria	Papaveraceae	Wild	NA	NA	NA
Fumaria parviflora	Fumaria parviflora	Fumaria	Papaveraceae	Wild	NA	NA	NA
Fumaria sp.	Fumaria	Fumaria	Papaveraceae	Wild	NA	NA	NA
Fumaria sp.	Fumaria parviflora/densiflora	Fumaria	Papaveraceae	Wild	NA	NA	NA
Fumaria sp.	Fumaria sp.	Fumaria	Papaveraceae	Wild	NA	NA	NA
Fumaria sp.	Fumaria sp. uncarbonized	Fumaria	Papaveraceae	Wild	NA	NA	NA
Glaucium aleppicum	Glaucium aleppicum	Glaucium	Papaveraceae	Wild	NA	NA	NA
Glaucium corniculatum	Glaucium corniculatum	Glaucium	Papaveraceae	Wild	NA	NA	NA
Glaucium corniculatum	Glaucium corniculatum (L.) Rud.	Glaucium	Papaveraceae	Wild	NA	NA	NA
Glaucium sp.	Glaucium	Glaucium	Papaveraceae	Wild	NA	NA	NA
Glaucium sp.	Glaucium sp.	Glaucium	Papaveraceae	Wild	NA	NA	NA
NA	Papaveraceae	NA	Papaveraceae	Wild	NA	NA	NA
Papaver dubium	Papaver dubium L.	Papaver	Papaveraceae	Wild	NA	NA	NA
Papaver setigerum	Papaver setigerum	Papaver	Papaveraceae	Wild	NA	NA	NA
Papaver sp.	Papaver	Papaver	Papaveraceae	Wild	NA	NA	NA
Papaver sp.	Papaver sp.	Papaver	Papaveraceae	Wild	NA	NA	NA
Papaver sp.	Papaver sp. (mineralized)	Papaver	Papaveraceae	Wild	NA	NA	NA
Phoenix dactylifera	Phoenix dactylifera L.	Phoenix	Phoeniaceae	Wild	NA	NA	NA
Phoenix dactylifera	Phoenix dactylifera L. wood	Phoenix	Phoeniaceae	Wild	NA	NA	TRUE
Phoenix theophrasti	Phoenix theophrasti	Phoenix	Phoeniaceae	Wild	NA	NA	NA
Cedrus libani	Cedrus libani wood	Cedrus	Pinaceae	Wild	NA	NA	TRUE
Pinus halepensis	Pinus halepensis	Pinus	Pinaceae	Wild	NA	NA	NA
Antirrhinum orontium	Antirrhinum orontium	Antirrhinum	Plantaginaceae	Wild	NA	NA	NA
NA	Plantaginaceae indeterminate	NA	Plantaginaceae	Wild	NA	NA	NA
Plantago amplexicaulis	Plantago amplexicaulis	Plantago	Plantaginaceae	Wild	NA	NA	NA
Plantago arenaria	Plantago arenaria type	Plantago	Plantaginaceae	Wild	NA	NA	NA
Plantago coronopus	Plantago coronopus	Plantago	Plantaginaceae	Wild	NA	NA	NA
Plantago lagopus	Plantago lagopus	Plantago	Plantaginaceae	Wild	NA	NA	NA
Plantago lanceolata	Plantago lanceolata	Plantago	Plantaginaceae	Wild	NA	NA	NA
Plantago major	Plantago major	Plantago	Plantaginaceae	Wild	NA	NA	NA
Plantago ovata	Plantago ovata	Plantago	Plantaginaceae	Wild	NA	NA	NA
Plantago psyllium	Plantago psyllium	Plantago	Plantaginaceae	Wild	NA	NA	NA
Plantago sp.	Plantago	Plantago	Plantaginaceae	Wild	NA	NA	NA
Plantago sp.	Plantago notata/ovata	Plantago	Plantaginaceae	Wild	NA	NA	NA
Plantago sp.	Plantago ovata/lanceolata	Plantago	Plantaginaceae	Wild	NA	NA	NA
Plantago sp.	Plantago sp.	Plantago	Plantaginaceae	Wild	NA	NA	NA
Plantago sp.	Plantago type	Plantago	Plantaginaceae	Wild	NA	NA	NA
Plantago squarrosa	Plantago squarrosa	Plantago	Plantaginaceae	Wild	NA	NA	NA
Veronica persica	Veronica persica type	Veronica	Plantaginaceae	Wild	NA	NA	NA
Veronica sp.	cf. Veronica sp.	Veronica	Plantaginaceae	Wild	NA	NA	NA
Veronica sp.	Veronica sp.	Veronica	Plantaginaceae	Wild	NA	NA	NA
Aegilops crassa	Aegilops crassa	Aegilops	Poaceae	Wild	Large/medium-seeded	NA	NA
Aegilops crassa	Aegilops crassa internodes	Aegilops	Poaceae	Wild	Large/medium-seeded	NA	NA
Aegilops kotschyi	Aegilops kotschyi	Aegilops	Poaceae	Wild	Large/medium-seeded	NA	NA
Aegilops peregrina	Aegilops peregrina	Aegilops	Poaceae	Wild	Large/medium-seeded	NA	NA
Aegilops sp.	Aegilops	Aegilops	Poaceae	Wild	Large/medium-seeded	NA	NA
Aegilops sp.	Aegilops cylindrica/tauschii/speltoides	Aegilops	Poaceae	Wild	Large/medium-seeded	NA	NA
Aegilops sp.	Aegilops geniculata/pergrina	Aegilops	Poaceae	Wild	Large/medium-seeded	NA	NA
Aegilops sp.	Aegilops sp. fragment	Aegilops	Poaceae	Wild	NA	NA	NA
Aegilops sp.	Aegilops sp. glume bases (spikelet bases)	Aegilops	Poaceae	Wild	NA	NA	NA
Aegilops sp.	Aegilops sp. glume remains	Aegilops	Poaceae	Wild	NA	NA	NA
Aegilops sp.	Aegilops sp. grains	Aegilops	Poaceae	Wild	NA	NA	NA
Aegilops sp.	Aegilops sp. spikelet forks (spikelets)	Aegilops	Poaceae	Wild	NA	NA	NA
Aegilops sp.	Aegilops speltoides/caudata	Aegilops	Poaceae	Wild	Large/medium-seeded	NA	NA
Aegilops sp.	Aegilops spp.	Aegilops	Poaceae	Wild	NA	NA	NA
Aegilops speltoides	Aegilops speltoides	Aegilops	Poaceae	Wild	Large/medium-seeded	NA	NA
Aegilops umbellulata	Aegilops umbellulata	Aegilops	Poaceae	Wild	NA	NA	NA
Aegilops umbellulata	Aegilops umbellulata Zhukovsky	Aegilops	Poaceae	Wild	NA	NA	NA
Aeluropus sp.	Aeluropus	Aeluropus	Poaceae	Wild	Small-seeded	NA	NA
Agropyron sp.	Agropyron sp.	Agropyron	Poaceae	Wild	NA	NA	NA
Agrostis sp.	Agrostis	Agrostis	Poaceae	Wild	Small-seeded	NA	NA
Alopecurus sp.	Alopecurus	Alopecurus	Poaceae	Wild	Small-seeded	NA	NA
Alopecurus utriculatus	Alopecurus utriculatus	Alopecurus	Poaceae	Wild	Small-seeded	NA	NA
Avena barbata	Avena barbata	Avena	Poaceae	Wild	Large/medium-seeded	NA	NA
Avena barbata	cf. Avena barbata	Avena	Poaceae	Wild	NA	NA	NA
Avena clauda	Avena clauda	Avena	Poaceae	Wild	Large/medium-seeded	NA	NA
Avena fatua	Avena fatua	Avena	Poaceae	Wild	Large/medium-seeded	NA	NA
Avena fatua	Avena fatua L.	Avena	Poaceae	Wild	Large/medium-seeded	NA	NA
Avena sativa	Avena sativa	Avena	Poaceae	Wild	Large/medium-seeded	NA	NA
Avena sp.	Avena	Avena	Poaceae	Wild	Large/medium-seeded	NA	NA
Avena sp.	Avena sp.	Avena	Poaceae	Wild	Large/medium-seeded	NA	NA
Avena sp.	Avena sp. awns	Avena	Poaceae	Wild	Large/medium-seeded	NA	NA
Avena sterilis	Avena sterilis	Avena	Poaceae	Wild	Large/medium-seeded	NA	NA
Avena sterilis	Avena sterilis L.	Avena	Poaceae	Wild	Large/medium-seeded	NA	NA
Avena wiestii	Avena wiestii Steudel	Avena	Poaceae	Wild	Large/medium-seeded	NA	NA
Brachiaria sp.	Brachiaria sp.	Brachiaria	Poaceae	Wild	NA	NA	NA
Brachypodium distachyon	Brachypodium distachyon	Brachypodium	Poaceae	Wild	NA	NA	NA
Bromus arvensis	Bromus arvensis type	Bromus	Poaceae	Wild	NA	NA	NA
Bromus danthoniae	Bromus danthoniae type	Bromus	Poaceae	Wild	NA	NA	NA
Bromus diandrus	Bromus diandrus Roth	Bromus	Poaceae	Wild	NA	NA	NA
Bromus hordeaceus	Bromus hordeaceus type	Bromus	Poaceae	Wild	NA	NA	NA
Bromus secalinus	Bromus secalinus L.	Bromus	Poaceae	Wild	NA	NA	NA
Bromus sp.	Bromus	Bromus	Poaceae	Wild	NA	NA	NA
Bromus sp.	Bromus rigidus/sterilis	Bromus	Poaceae	Wild	NA	NA	NA
Bromus sp.	Bromus sp.	Bromus	Poaceae	Wild	NA	NA	NA
Bromus sp.	cf. Bromus sp.	Bromus	Poaceae	Wild	NA	NA	NA
Bromus sterilis	Bromus sterilis	Bromus	Poaceae	Wild	Large/medium-seeded	NA	NA
Bromus tectorum	Bromus tectorum L.	Bromus	Poaceae	Wild	NA	NA	NA
Chloris sp.	Chloris sp.	Chloris	Poaceae	Wild	NA	NA	NA
Crithopsis delileana	Crithopis deliliana	Crithopis	Poaceae	Wild	NA	NA	NA
Crypsis alopecuroides	Crypis alopecuroides (Piller & Mitterp.) Schrader	Crypsis	Poaceae	Wild	NA	NA	NA
Crypsis alopecuroides	Crypis schoenoides (L.) Lam.	Crypsis	Poaceae	Wild	NA	NA	NA
Crypsis sp.	Crypsis	Crypsis	Poaceae	Wild	Small-seeded	NA	NA
Crypsis sp.	Crypsis sp.	Crypsis	Poaceae	Wild	Small-seeded	NA	NA
Cutandia dichotoma	Cutandia dichotoma	Cutandia	Poaceae	Wild	Small-seeded	NA	NA
Cutandia memphitica	Cutandia memphitica	Cutandia	Poaceae	Wild	Small-seeded	NA	NA
Cutandia sp.	Cutandia	Cutandia	Poaceae	Wild	Small-seeded	NA	NA
Cynodon dactylon	Cynodon dactylon (L.) Pers.	Cynodon	Poaceae	Wild	Small-seeded	NA	NA
Cynodon sp.	Cynodon	Cynodon	Poaceae	Wild	Small-seeded	NA	NA
Dactylis glomerata	Dactylis glomerata	Dactylis	Poaceae	Wild	Small-seeded	NA	NA
Digitaria sanguinalis	Digitaria sanguinalis (L.) Scop.	Digitaria	Poaceae	Wild	NA	NA	NA
Echinaria sp.	cf. Echinaria sp.	Echinaria	Poaceae	Wild	NA	NA	NA
Echinaria sp.	Echinaria	Echinaria	Poaceae	Wild	Large/medium-seeded	NA	NA
Echinaria sp.	Echinaria spp.	Echinaria	Poaceae	Wild	Large/medium-seeded	NA	NA
Echinochloa colonum	Echinochloa colonum (L.) Link	Echinochloa	Poaceae	Wild	NA	NA	NA
Echinochloa crus-galli	Echinochloa crus-galli	Echinochloa	Poaceae	Wild	Small-seeded	NA	NA
Echinochloa sp.	Echinochloa sp.	Echinochloa	Poaceae	Wild	NA	NA	NA
Echinochloa sp.	Echinops sp. L.	Echinochloa	Poaceae	Wild	NA	NA	NA
Elymus sp.	Elymus	Elymus	Poaceae	Wild	Large/medium-seeded	NA	NA
Eragrostis barrelieri	Eragrostis barrelieri	Eragrostis	Poaceae	Wild	Small-seeded	NA	NA
Eragrostis sp.	Eragrostis	Eragrostis	Poaceae	Wild	Small-seeded	NA	NA
Eragrostis sp.	Eragrostis sp.	Eragrostis	Poaceae	Wild	Small-seeded	NA	NA
Eremopyrum bonaepartis	Eremopyrum bonaepartis	Eremopyrum	Poaceae	Wild	Large/medium-seeded	NA	NA
Eremopyrum sp.	Eremopyrum	Eremopyrum	Poaceae	Wild	Large/medium-seeded	NA	NA
Eremopyrum sp.	Eremopyrum sp.	Eremopyrum	Poaceae	Wild	Large/medium-seeded	NA	NA
Festuca sp.	Festuca type	Festuca	Poaceae	Wild	NA	NA	NA
Gaudiniopsis sp.	Gaudiniopsis	Gaudiniopsis sp.	Poaceae	Wild	Small-seeded	NA	NA
Henrardia pubescens	Henrardia pubescens	Henrardia	Poaceae	Wild	Large/medium-seeded	NA	NA
Herniaria sp.	Herniaria	Herniaria	Poaceae	Wild	Small-seeded	NA	NA
Herniaria sp.	Herniaria sp.	Herniaria	Poaceae	Wild	Small-seeded	NA	NA
Hordeum bulbosum	Hordeum bulbosum	Hordeum	Poaceae	NA	Large/medium-seeded	NA	NA
Hordeum distichum	Hordeum distichum grain (hulled)	Hordeum	Poaceae	NA	NA	NA	NA
Hordeum distichum	Hordeum distichum rachis	Hordeum	Poaceae	NA	NA	NA	NA
Hordeum glaucum	Hordeum glaucum	Hordeum	Poaceae	NA	NA	NA	NA
Hordeum marinum	Hordeum marinum	Hordeum	Poaceae	NA	Large/medium-seeded	NA	NA
Hordeum murinum	Hordeum murinum	Hordeum	Poaceae	NA	Large/medium-seeded	NA	NA
Hordeum murinum	Hordeum murinum type	Hordeum	Poaceae	NA	Large/medium-seeded	NA	NA
Hordeum sp.	cf. Hordeum sp.	Hordeum	Poaceae	NA	NA	NA	NA
Hordeum sp.	Hordeum	Hordeum	Poaceae	NA	Large/medium-seeded	NA	NA
Hordeum sp.	Hordeum (non-cereal)	Hordeum	Poaceae	NA	Large/medium-seeded	NA	NA
Hordeum sp.	Hordeum distichum/vulgare grain	Hordeum	Poaceae	Founder crop	NA	NA	NA
Hordeum sp.	Hordeum distichum/vulgare grain (hulled)	Hordeum	Poaceae	Founder crop	NA	NA	NA
Hordeum sp.	Hordeum distichum/vulgare grain (naked)	Hordeum	Poaceae	Founder crop	NA	NA	NA
Hordeum sp.	Hordeum distichum/vulgare rachis	Hordeum	Poaceae	Founder crop	NA	NA	NA
Hordeum sp.	Hordeum hystrix/marinum	Hordeum	Poaceae	Founder crop	Large/medium-seeded	NA	NA
Hordeum sp.	Hordeum murinum/bulbosum	Hordeum	Poaceae	NA	Large/medium-seeded	NA	NA
Hordeum sp.	Hordeum sp. (imprints)	Hordeum	Poaceae	NA	NA	NA	NA
Hordeum sp.	Hordeum sp. (wild)	Hordeum	Poaceae	NA	NA	NA	NA
Hordeum sp.	Hordeum sp. awns	Hordeum	Poaceae	NA	NA	NA	NA
Hordeum sp.	Hordeum sp. glume remains	Hordeum	Poaceae	NA	NA	NA	NA
Hordeum sp.	Hordeum sp. grains	Hordeum	Poaceae	NA	NA	NA	NA
Hordeum sp.	Hordeum sp. rachis internodes	Hordeum	Poaceae	NA	NA	NA	NA
Hordeum sp.	Hordeum spontaneum/bulbosum	Hordeum	Poaceae	NA	Large/medium-seeded	NA	NA
Hordeum sp.	Hordeum spontaneum/sativum grains	Hordeum	Poaceae	NA	NA	NA	NA
Hordeum sp.	Hordeum spontaneum/sativum rachis internodes	Hordeum	Poaceae	NA	NA	NA	NA
Hordeum sp.	Hordeum spontaneum&vulgare/sativum	Hordeum	Poaceae	NA	NA	NA	NA
Hordeum sp.	Hordeum spp.	Hordeum	Poaceae	NA	NA	NA	NA
Hordeum sp.	Hordeum vulgare/spontaneum	Hordeum	Poaceae	Founder crop	NA	NA	NA
Hordeum sphaerococcum	Hordeum sphaerococcum	Hordeum	Poaceae	NA	NA	NA	NA
Hordeum spontaneum	Hordeum spontaneum	Hordeum	Poaceae	Founder crop	NA	NA	NA
Hordeum spontaneum	Hordeum spontaneum Koch	Hordeum	Poaceae	Founder crop	NA	NA	NA
Hordeum spontaneum	Hordeum spontaneum rachis internodes	Hordeum	Poaceae	Founder crop	NA	NA	NA
Hordeum spontaneum	Hordeum spontaneum type	Hordeum	Poaceae	Founder crop	NA	NA	NA
Hordeum vulgare	Hordeum vulgare	Hordeum	Poaceae	Founder crop	NA	NA	NA
Hordeum vulgare	Hordeum vulgare distichum	Hordeum	Poaceae	Founder crop	NA	NA	NA
Hordeum vulgare	Hordeum vulgare hexastichum	Hordeum	Poaceae	Founder crop	Large/medium-seeded	NA	NA
Hordeum vulgare	Hordeum vulgare rachis	Hordeum	Poaceae	Founder crop	NA	NA	NA
Hordeum vulgare	Hordeum vulgare var. coeleste	Hordeum	Poaceae	Founder crop	Large/medium-seeded	NA	NA
Hordeum vulgare	Hordeum vulgare var. nudum	Hordeum	Poaceae	Founder crop	Large/medium-seeded	NA	NA
Hordeum vulgare	Hordeum vulgare var. nudum/spontaneum	Hordeum	Poaceae	Founder crop	Large/medium-seeded	NA	NA
Hordeum vulgare	Hordeum vulgare vulgare grain (hulled)	Hordeum	Poaceae	Founder crop	NA	NA	NA
Hordeum vulgare	Hordeum vulgare vulgare grain (naked)	Hordeum	Poaceae	Founder crop	NA	NA	NA
Hordeum vulgare	Hordeum vulgare vulgare grain (uncarbonized)	Hordeum	Poaceae	Founder crop	NA	NA	NA
Hordeum vulgare	Hordeum vulgare vulgare rachis	Hordeum	Poaceae	Founder crop	NA	NA	NA
Imperata sp.	Imperata	Imperata	Poaceae	Wild	Small-seeded	NA	NA
Lolium perenne	Lolium perenne type	Lolium	Poaceae	Wild	Large/medium-seeded	NA	NA
Lolium persicum	Lolium persicum type	Lolium	Poaceae	Wild	Large/medium-seeded	NA	NA
Lolium remotum	Lolium remotum Schrank	Lolium	Poaceae	Wild	Large/medium-seeded	NA	NA
Lolium remotum	Lolium remotum type	Lolium	Poaceae	Wild	Large/medium-seeded	NA	NA
Lolium rigidum	Lolium rigidum	Lolium	Poaceae	Wild	Large/medium-seeded	NA	NA
Lolium rigidum	Lolium rigidum Gaudin	Lolium	Poaceae	Wild	Large/medium-seeded	NA	NA
Lolium sp.	cf. Lolium sp.	Lolium	Poaceae	Wild	NA	NA	NA
Lolium sp.	Lolium	Lolium	Poaceae	Wild	Large/medium-seeded	NA	NA
Lolium sp.	Lolium perenne/rigidum	Lolium	Poaceae	Wild	Large/medium-seeded	NA	NA
Lolium sp.	Lolium rigidum/perenne	Lolium	Poaceae	Wild	Large/medium-seeded	NA	NA
Lolium sp.	Lolium rigidum/persicum	Lolium	Poaceae	Wild	Large/medium-seeded	NA	NA
Lolium sp.	Lolium sp.	Lolium	Poaceae	Wild	Large/medium-seeded	NA	NA
Lolium sp.	Lolium spp.	Lolium	Poaceae	Wild	Large/medium-seeded	NA	NA
Lolium sp.	Lolium type	Lolium	Poaceae	Wild	Large/medium-seeded	NA	NA
Lolium temulentum	Lolium temulentum	Lolium	Poaceae	Wild	Large/medium-seeded	NA	NA
Lolium temulentum	Lolium temulentum L.	Lolium	Poaceae	Wild	Large/medium-seeded	NA	NA
Melica persica	Melica persica	Melica	Poaceae	Wild	Large/medium-seeded	NA	NA
NA	Aeluropus/Agrostis/Eragrostis	NA	Poaceae	Wild	Small-seeded	NA	NA
NA	Agropyron/Eremopyrum	NA	Poaceae	Wild	Large/medium-seeded	NA	NA
NA	Agrostis/Poa	NA	Poaceae	Wild	NA	NA	NA
NA	Avena/Stipa	NA	Poaceae	Wild	Large/medium-seeded	NA	NA
NA	Aveneae	NA	Poaceae	Wild	Large/medium-seeded	NA	NA
NA	Brachypodium/Bromus	NA	Poaceae	Wild	NA	NA	NA
NA	cereal indet. (domestic)	NA	Poaceae	Other crop	Large/medium-seeded	NA	NA
NA	Cereal indeterminate	NA	Poaceae	Other crop	Large/medium-seeded	NA	NA
NA	Cereal indeterminate basal culm	NA	Poaceae	Other crop	Large/medium-seeded	NA	NA
NA	Cereal indeterminate chaff	NA	Poaceae	Other crop	Large/medium-seeded	NA	NA
NA	Cereal indeterminate culm	NA	Poaceae	Other crop	Large/medium-seeded	NA	NA
NA	Cereal indeterminate fragment	NA	Poaceae	Other crop	Large/medium-seeded	NA	NA
NA	Cereal indeterminate grains	NA	Poaceae	Other crop	Large/medium-seeded	NA	NA
NA	Cereal indeterminate rachis	NA	Poaceae	Other crop	Large/medium-seeded	NA	NA
NA	Cynodon/Tragus	NA	Poaceae	Wild	Small-seeded	NA	NA
NA	Echinaria/Setaria	NA	Poaceae	Wild	Large/medium-seeded	NA	NA
NA	Festuca/Lolium sp.	NA	Poaceae	Wild	NA	NA	NA
NA	Hordeum/Aegilops	NA	Poaceae	Wild	Large/medium-seeded	NA	NA
NA	Hordeum/Bromus	NA	Poaceae	Wild	Large/medium-seeded	NA	NA
NA	Hordeum/Elymus	NA	Poaceae	Wild	Large/medium-seeded	NA	NA
NA	Hordeum/Secale	NA	Poaceae	Wild	Large/medium-seeded	NA	NA
NA	Hordeum/Taeniatherum	NA	Poaceae	Wild	Large/medium-seeded	NA	NA
NA	Hyacinthaceae	NA	Poaceae	Wild	NA	NA	NA
NA	Imperata/Saccharum	NA	Poaceae	Wild	Small-seeded	NA	NA
NA	other grasses	NA	Poaceae	Wild	Indeterminate	NA	NA
NA	Paniceae	NA	Poaceae	Wild	Small-seeded	NA	NA
NA	Panicoid	NA	Poaceae	Wild	Small-seeded	NA	NA
NA	Panicum/Setaria	NA	Poaceae	Wild	Small-seeded	NA	NA
NA	Phalaris/Alopecurus	NA	Poaceae	Wild	NA	NA	NA
NA	Poaceae	NA	Poaceae	NA	Indeterminate	NA	NA
NA	Poaceae (small-seeded)	NA	Poaceae	NA	Small-seeded	NA	NA
NA	Poaceae indet.	NA	Poaceae	NA	Indeterminate	NA	NA
NA	Poaceae indet. awn	NA	Poaceae	NA	Indeterminate	NA	NA
NA	Poaceae indet. culm fragments	NA	Poaceae	NA	Indeterminate	NA	NA
NA	Poaceae indet. large	NA	Poaceae	NA	Large/medium-seeded	NA	NA
NA	Poaceae indet. medium	NA	Poaceae	NA	Large/medium-seeded	NA	NA
NA	Poaceae indet. rachis fragment	NA	Poaceae	NA	Indeterminate	NA	NA
NA	Poaceae indet. small	NA	Poaceae	NA	Small-seeded	NA	NA
NA	Poaceae indet. spikelet remains	NA	Poaceae	NA	Indeterminate	NA	NA
NA	Poaceae indet. wild	NA	Poaceae	Wild	Indeterminate	NA	NA
NA	Psilurus/Parapholis	NA	Poaceae	Wild	Large/medium-seeded	NA	NA
NA	Setaria/Digitaria	NA	Poaceae	Wild	Small-seeded	NA	NA
NA	Stipa/Stipagrostis	NA	Poaceae	Wild	Large/medium-seeded	NA	NA
NA	Triticum/Aegilops	NA	Poaceae	Wild	Large/medium-seeded	NA	NA
NA	Triticum/Hordeum	NA	Poaceae	Wild	Large/medium-seeded	NA	NA
NA	Triticum/Secale	NA	Poaceae	Wild	Large/medium-seeded	NA	NA
NA	Vulpia/Loliolum	NA	Poaceae	Wild	Small-seeded	NA	NA
NA	wild grasses	NA	Poaceae	Wild	NA	NA	NA
Panicum miliaceum	Panicum miliaceum	Panicum	Poaceae	Wild	Small-seeded	NA	NA
Panicum sp.	Panicum	Panicum	Poaceae	Wild	Small-seeded	NA	NA
Panicum sp.	Panicum sp.	Panicum	Poaceae	Wild	Small-seeded	NA	NA
Panicum turgidum	Panicum turgidum	Panicum	Poaceae	Wild	Small-seeded	NA	NA
Phalaris minor	Phalaris minor Retz	Phalaris	Poaceae	Wild	Small-seeded	NA	NA
Phalaris paradoxa	Phalaris paradoxa	Phalaris	Poaceae	Wild	Small-seeded	NA	NA
Phalaris paradoxa	Phalaris paradoxa L.	Phalaris	Poaceae	Wild	Small-seeded	NA	NA
Phalaris sp.	cf. Phalaris sp.	Phalaris	Poaceae	Wild	Small-seeded	NA	NA
Phalaris sp.	Phalaris	Phalaris	Poaceae	Wild	Small-seeded	NA	NA
Phalaris sp.	Phalaris aquatica/paradoxa	Phalaris	Poaceae	Wild	Small-seeded	NA	NA
Phalaris sp.	Phalaris sp.	Phalaris	Poaceae	Wild	Small-seeded	NA	NA
Phalaris sp.	Phalaris type	Phalaris	Poaceae	Wild	Small-seeded	NA	NA
Phalaris tuberosa	Phalaris tuberosa	Phalaris	Poaceae	Wild	Small-seeded	NA	NA
Phleum sp.	Phleum	Phleum	Poaceae	Wild	Small-seeded	NA	NA
Phleum sp.	Phleum sp.	Phleum	Poaceae	Wild	Small-seeded	NA	NA
Phragmites australis	Phragmites australis	Phragmites	Poaceae	Wild	Small-seeded	NA	NA
Phragmites australis	Phragmites australis (Cav.) Trin.	Phragmites	Poaceae	Wild	Small-seeded	NA	NA
Piptatherum miliaceum	Piptatherum miliaceum	Piptatherum	Poaceae	Wild	Large/medium-seeded	NA	NA
Poa bulbosa	Poa bulbosa	Poa	Poaceae	Wild	Small-seeded	NA	NA
Poa bulbosa	Poa bulbosa ssp. Vivipara	Poa	Poaceae	Wild	Small-seeded	NA	NA
Poa sp.	cf. Poa sp.	Poa	Poaceae	Wild	Small-seeded	NA	NA
Poa sp.	Poa	Poa	Poaceae	Wild	Small-seeded	NA	NA
Poa sp.	Poa type	Poa	Poaceae	Wild	Small-seeded	NA	NA
Psilurus incurvus	Psilurus incurvus	Psilurus	Poaceae	Wild	Large/medium-seeded	NA	NA
Psilurus sp.	Psilurus	Psilurus	Poaceae	Wild	Large/medium-seeded	NA	NA
Secale cereale	Secale cereale	Secale	Poaceae	Other crop	Large/medium-seeded	NA	NA
Secale cereale	Secale cereale grains	Secale	Poaceae	Other crop	Large/medium-seeded	NA	NA
Secale cereale	Secale cereale rachis	Secale	Poaceae	Other crop	Large/medium-seeded	NA	NA
Secale cereale	Secale cereale ssp. Segetale	Secale	Poaceae	Other crop	Large/medium-seeded	NA	NA
Secale cereale	Secale cereale ssp.vavilovii	Secale	Poaceae	Other crop	Large/medium-seeded	NA	NA
Secale montanum	Secale montanum	Secale	Poaceae	Other crop	Large/medium-seeded	NA	NA
Secale sp.	Secale	Secale	Poaceae	Other crop	Large/medium-seeded	NA	NA
Secale sp.	Secale montanum/cereale var vavilovii	Secale	Poaceae	Other crop	Large/medium-seeded	NA	NA
Secale sp.	Secale montanum/cereale var vavilovii/Hordeum	Secale	Poaceae	Other crop	Large/medium-seeded	NA	NA
Secale sp.	Secale sp.	Secale	Poaceae	Other crop	Large/medium-seeded	NA	NA
Secale sp.	Secale spp.	Secale	Poaceae	Other crop	Large/medium-seeded	NA	NA
Setaria sp.	Setaria	Setaria	Poaceae	Wild	Small-seeded	NA	NA
Setaria sp.	Setaria sp.	Setaria	Poaceae	Wild	Small-seeded	NA	NA
Setaria verticillata	Setaria verticillata (L.) P. Beauv.	Setaria	Poaceae	Wild	Small-seeded	NA	NA
Setaria viridis	Setaria viridis type	Setaria	Poaceae	Wild	Small-seeded	NA	NA
Stipa capensis	Stipa capensis	Stipa	Poaceae	Wild	Large/medium-seeded	NA	NA
Stipa gigantea	Stipa gigantea	Stipa	Poaceae	Wild	Large/medium-seeded	NA	NA
Stipa sp.	cf. Stipa sp.	Stipa	Poaceae	Wild	NA	NA	NA
Stipa sp.	Stipa	Stipa	Poaceae	Wild	Large/medium-seeded	NA	NA
Stipa sp.	Stipa barbata/lagascae	Stipa	Poaceae	Wild	Large/medium-seeded	NA	NA
Stipa sp.	Stipa lagascae/hohenackeriana/barbata	Stipa	Poaceae	Wild	Large/medium-seeded	NA	NA
Stipa sp.	Stipa parviflora/capensis	Stipa	Poaceae	Wild	Large/medium-seeded	NA	NA
Stipa sp.	Stipa sp.	Stipa	Poaceae	Wild	Large/medium-seeded	NA	NA
Stipa sp.	Stipa sp. awn	Stipa	Poaceae	Wild	Large/medium-seeded	NA	NA
Stipagrostis obtusa	Stipagrostis obtusa	Stipagrostis	Poaceae	Wild	Small-seeded	NA	NA
Stipagrostis plumosa	Stipagrostis plumosa	Stipagrostis	Poaceae	Wild	Small-seeded	NA	NA
Taeniatherum caput-medusae	Taeniatherum caput-medusae	Taeniatherum	Poaceae	Wild	Large/medium-seeded	NA	NA
Taeniatherum caput-medusae	Taeniatherum caput-medusae (L.) Nevski	Taeniatherum	Poaceae	Wild	Large/medium-seeded	NA	NA
Taeniatherum rachis	cf. Taeniatherum rachis	Taeniatherum	Poaceae	Wild	NA	NA	NA
Taeniatherum sp.	cf. Taeniatherum sp.	Taeniatherum	Poaceae	Wild	NA	NA	NA
Taeniatherum sp.	Taeniatherum	Taeniatherum	Poaceae	Wild	Large/medium-seeded	NA	NA
Taeniatherum sp.	Taeniatherum caput-medusae/crinitum	Taeniatherum	Poaceae	Wild	Large/medium-seeded	NA	NA
Tragus sp.	Tragus	Tragus	Poaceae	Wild	Small-seeded	NA	NA
Triticum aestivocompactum	Triticum aestivocompactum	Triticum	Poaceae	Other crop	Large/medium-seeded	NA	NA
Triticum aestivum	Triticum aestivum	Triticum	Poaceae	Other crop	Large/medium-seeded	NA	NA
Triticum boeoticum	cf. Triticum boeoticum grains (1/2g)	Triticum	Poaceae	Founder crop	NA	NA	NA
Triticum boeoticum	Triticum boeoticum	Triticum	Poaceae	Founder crop	NA	NA	NA
Triticum boeoticum	Triticum boeoticum aegilopoides	Triticum	Poaceae	Founder crop	NA	NA	NA
Triticum boeoticum	Triticum boeoticum grains (1/2g)	Triticum	Poaceae	Founder crop	NA	NA	NA
Triticum boeoticum	Triticum boeoticum grains (1g)	Triticum	Poaceae	Founder crop	NA	NA	NA
Triticum boeoticum	Triticum boeoticum grains (2g)	Triticum	Poaceae	Founder crop	NA	NA	NA
Triticum boeoticum	Triticum boeoticum spikelet forks	Triticum	Poaceae	Founder crop	NA	NA	NA
Triticum boeoticum	Triticum boeoticum thaoudar	Triticum	Poaceae	Founder crop	NA	NA	NA
Triticum dicoccoides	Triticum dicoccoides	Triticum	Poaceae	Founder crop	NA	NA	NA
Triticum dicoccoides	Triticum dicoccoides grains	Triticum	Poaceae	Founder crop	NA	NA	NA
Triticum dicoccoides	Triticum dicoccoides spikelet forks	Triticum	Poaceae	Founder crop	NA	NA	NA
Triticum dicoccum	Triticum dicoccum	Triticum	Poaceae	Founder crop	NA	NA	NA
Triticum dicoccum	Triticum dicoccum glume bases	Triticum	Poaceae	Founder crop	NA	NA	NA
Triticum dicoccum	Triticum dicoccum glume bases dessicated or uncarbonized	Triticum	Poaceae	Founder crop	NA	NA	NA
Triticum dicoccum	Triticum dicoccum grains	Triticum	Poaceae	Founder crop	NA	NA	NA
Triticum dicoccum	Triticum dicoccum grains (1g)	Triticum	Poaceae	Founder crop	NA	NA	NA
Triticum dicoccum	Triticum dicoccum rachis internodes	Triticum	Poaceae	Founder crop	NA	NA	NA
Triticum dicoccum	Triticum dicoccum spikelet fork terminal	Triticum	Poaceae	Founder crop	NA	NA	NA
Triticum dicoccum	Triticum dicoccum spikelet forks	Triticum	Poaceae	Founder crop	NA	NA	NA
Triticum durum	Triticum durum	Triticum	Poaceae	Other crop	Large/medium-seeded	NA	NA
Triticum monococcum	cf. Triticum monococcum	Triticum	Poaceae	Founder crop	NA	NA	NA
Triticum monococcum	Triticum monococcum	Triticum	Poaceae	Founder crop	NA	NA	NA
Triticum monococcum	Triticum monococcum glume bases	Triticum	Poaceae	Founder crop	NA	NA	NA
Triticum monococcum	Triticum monococcum grains (1/2g)	Triticum	Poaceae	Founder crop	NA	NA	NA
Triticum monococcum	Triticum monococcum grains (1g)	Triticum	Poaceae	Founder crop	NA	NA	NA
Triticum monococcum	Triticum monococcum grains (2g)	Triticum	Poaceae	Founder crop	NA	NA	NA
Triticum monococcum	Triticum monococcum spikelet forks	Triticum	Poaceae	Founder crop	NA	NA	NA
Triticum parvicoccum	Triticum parvicoccum	Triticum	Poaceae	NA	Large/medium-seeded	NA	NA
Triticum sp.	cf. Triticum sp.	Triticum	Poaceae	NA		NA	NA
Triticum sp.	Triticum	Triticum	Poaceae	NA	Large/medium-seeded	NA	NA
Triticum sp.	Triticum aestivocompactum/durocompactum	Triticum	Poaceae	NA	Large/medium-seeded	NA	NA
Triticum sp.	Triticum aestivum/durum	Triticum	Poaceae	NA	Large/medium-seeded	NA	NA
Triticum sp.	Triticum boeoticum/Aegilops	Triticum	Poaceae	NA	Large/medium-seeded	NA	NA
Triticum sp.	Triticum boeoticum/diccocoides/monococcum/dicoccum	Triticum	Poaceae	Founder crop		NA	NA
Triticum sp.	Triticum boeoticum/dicoccoides	Triticum	Poaceae	Founder crop		NA	NA
Triticum sp.	Triticum boeoticum/monococcum spikelet forks	Triticum	Poaceae	NA		NA	NA
Triticum sp.	Triticum boeoticum/monococcum/dicoccum	Triticum	Poaceae	NA		NA	NA
Triticum sp.	Triticum boeoticum/Secale	Triticum	Poaceae	NA	Large/medium-seeded	NA	NA
Triticum sp.	Triticum boeoticum/Secale montanum/vavilovii	Triticum	Poaceae	NA	Large/medium-seeded	NA	NA
Triticum sp.	Triticum boeoticum/urartu	Triticum	Poaceae	NA	Large/medium-seeded	NA	NA
Triticum sp.	Triticum dicoccoides/dicoccum	Triticum	Poaceae	Founder crop		NA	NA
Triticum sp.	Triticum dicoccum/aestivum	Triticum	Poaceae	NA		NA	NA
Triticum sp.	Triticum dicoccum/dicoccoides grains	Triticum	Poaceae	NA		NA	NA
Triticum sp.	Triticum dicoccum/dicoccoides spikelet forks	Triticum	Poaceae	NA		NA	NA
Triticum sp.	Triticum dicoccum/durum	Triticum	Poaceae	NA	Large/medium-seeded	NA	NA
Triticum sp.	Triticum dicoccum/monococcum	Triticum	Poaceae	Founder crop		NA	NA
Triticum sp.	Triticum dicoccum/spelta	Triticum	Poaceae	NA	Large/medium-seeded	NA	NA
Triticum sp.	Triticum dicoccum/spelta grains	Triticum	Poaceae	NA	NA	NA	NA
Triticum sp.	Triticum monococcum/boeoticum	Triticum	Poaceae	Founder crop	NA	NA	NA
Triticum sp.	Triticum monococcum/dicoccum glume bases	Triticum	Poaceae	Founder crop	NA	NA	NA
Triticum sp.	Triticum monococcum/dicoccum grains	Triticum	Poaceae	Founder crop	NA	NA	NA
Triticum sp.	Triticum monococcum/dicoccum spikelet forks	Triticum	Poaceae	Founder crop	NA	NA	NA
Triticum sp.	Triticum sp. 'speltoid' type	Triticum	Poaceae	NA	NA	NA	NA
Triticum sp.	Triticum species free threshing wheat hexaploid grains	Triticum	Poaceae	NA	NA	NA	NA
Triticum sp.	Triticum species free threshing wheat hexaploid rachis	Triticum	Poaceae	NA	NA	NA	NA
Triticum sp.	Triticum species free threshing wheat tetraploid grains	Triticum	Poaceae	NA	NA	NA	NA
Triticum sp.	Triticum species free threshing wheat tetraploid rachis	Triticum	Poaceae	NA	NA	NA	NA
Triticum sp.	Triticum species indeterminate fr thr/gl wheat grains	Triticum	Poaceae	NA	NA	NA	NA
Triticum sp.	Triticum species indeterminate fr thr/gl wheat rachis	Triticum	Poaceae	NA	NA	NA	NA
Triticum sp.	Triticum species indeterminate free threshing wheat grains	Triticum	Poaceae	NA	NA	NA	NA
Triticum sp.	Triticum species indeterminate free threshing wheat rachis	Triticum	Poaceae	NA	NA	NA	NA
Triticum sp.	Triticum species indeterminate glume wheat glume bases	Triticum	Poaceae	NA	NA	NA	NA
Triticum sp.	Triticum species indeterminate glume wheat grains	Triticum	Poaceae	NA	NA	NA	NA
Triticum sp.	Triticum species indeterminate glume wheat spikelet forks	Triticum	Poaceae	NA	NA	NA	NA
Triticum sp.	Triticum spp.	Triticum	Poaceae	NA	NA	NA	NA
Triticum spelta	Triticum spelta	Triticum	Poaceae	NA	Large/medium-seeded	NA	NA
Triticum turgidum	Triticum turgidum	Triticum	Poaceae	Founder crop	Large/medium-seeded	NA	NA
Vulpia sp.	Vulpia	Vulpia	Poaceae	Wild	Small-seeded	NA	NA
NA	cf. Polygonaceae	NA	Polygonaceae	Wild	NA	NA	NA
NA	Polygonaceae	NA	Polygonaceae	Wild	NA	NA	NA
NA	Polygonaceae indet.	NA	Polygonaceae	Wild	NA	NA	NA
NA	Polygonum/Rumex	NA	Polygonaceae	Wild	NA	NA	NA
NA	Polygonum/Rumex sp.	NA	Polygonaceae	Wild	NA	NA	NA
Polygonum aviculare	Polygonum aviculare	Polygonum	Polygonaceae	Wild	NA	NA	NA
Polygonum aviculare	Polygonum aviculare L.	Polygonum	Polygonaceae	Wild	NA	NA	NA
Polygonum convolvulus	Polygonum convolvulus	Polygonum	Polygonaceae	Wild	NA	NA	NA
Polygonum convolvulus	Polygonum convolvulus L.	Polygonum	Polygonaceae	Wild	NA	NA	NA
Polygonum corrigioloides	Polygonum corregioloides type	Polygonum	Polygonaceae	Wild	NA	NA	NA
Polygonum corrigioloides	Polygonum corrigioloides	Polygonum	Polygonaceae	Wild	NA	NA	NA
Polygonum lapathifolium	Polygonum lapathifolium	Polygonum	Polygonaceae	Wild	NA	NA	NA
Polygonum lapathifolium	Polygonum lapathifolium type	Polygonum	Polygonaceae	Wild	NA	NA	NA
Polygonum persicaria	Polygonum persicaria	Polygonum	Polygonaceae	Wild	NA	NA	NA
Polygonum persicaria	Polygonum persicaria L.	Polygonum	Polygonaceae	Wild	NA	NA	NA
Polygonum persicaria	Polygonum persicaria L. uncarbonized	Polygonum	Polygonaceae	Wild	NA	NA	NA
Polygonum salicifolium	Polygonum salicifolium Brouss.	Polygonum	Polygonaceae	Wild	NA	NA	NA
Polygonum sp.	cf. Polygonum sp.	Polygonum	Polygonaceae	Wild	NA	NA	NA
Polygonum sp.	Polygonum	Polygonum	Polygonaceae	Wild	NA	NA	NA
Polygonum sp.	Polygonum aviculare/patulum	Polygonum	Polygonaceae	Wild	NA	NA	NA
Polygonum sp.	Polygonum sp.	Polygonum	Polygonaceae	Wild	NA	NA	NA
Polygonum venantianum	Polygonum venantianum	Polygonum	Polygonaceae	Wild	NA	NA	NA
Rumex acetocella	Rumex acetocella	Rumex	Polygonaceae	Wild	NA	NA	NA
Rumex acetocella	Rumex acetosella L.	Rumex	Polygonaceae	Wild	NA	NA	NA
Rumex conglomeratus	Rumex conglomeratus type	Rumex	Polygonaceae	Wild	NA	NA	NA
Rumex crispus	Rumex crispus type	Rumex	Polygonaceae	Wild	NA	NA	NA
Rumex dentatus	Rumex dentatus L.	Rumex	Polygonaceae	Wild	NA	NA	NA
Rumex maritimus	Rumex maritimus type	Rumex	Polygonaceae	Wild	NA	NA	NA
Rumex pulcher	Rumex pulcher	Rumex	Polygonaceae	Wild	NA	NA	NA
Rumex pulcher	Rumex pulcher L.	Rumex	Polygonaceae	Wild	NA	NA	NA
Rumex pulcher	Rumex pulcher type	Rumex	Polygonaceae	Wild	NA	NA	NA
Rumex simpliciflorus	Rumex simpliciflorus	Rumex	Polygonaceae	Wild	NA	NA	NA
Rumex sp.	cf. Rumex sp.	Rumex	Polygonaceae	Wild	NA	NA	NA
Rumex sp.	Rumex	Rumex	Polygonaceae	Wild	NA	NA	NA
Rumex sp.	Rumex sp.	Rumex	Polygonaceae	Wild	NA	NA	NA
Rumex spinosus	Emex spinosus L.	Rumex	Polygonaceae	Wild	NA	NA	NA
Portulaca	Portulaca	Portulaca	Portulacaceae	Wild	NA	NA	NA
Portulaca oleracea	Portulaca oleracea	Portulaca	Portulacaceae	Wild	NA	NA	NA
Portulaca oleracea	Portulaca oleracea L.	Portulaca	Portulacaceae	Wild	NA	NA	NA
Portulaca oleracea	Portulaca oleracea subsp. stellata	Portulaca	Portulacaceae	Wild	NA	NA	NA
Potamogeton sp.	Potamogeton	Potamogeton	Potamogetonaceae	Wild	NA	NA	NA
Anagallis arvensis	Anagallis arvensis	Anagallis	Primulaceae	Wild	NA	NA	NA
Anagallis arvensis	Anagallis arvensis L.	Anagallis	Primulaceae	Wild	NA	NA	NA
Anagallis sp.	Anagallis sp. L.	Anagallis	Primulaceae	Wild	NA	NA	NA
Androsace maxima	Androsace maxima	Androsace	Primulaceae	Wild	NA	NA	NA
Androsace maxima	Androsace maxima L.	Androsace	Primulaceae	Wild	NA	NA	NA
Androsace sp.	Androsace	Androsace	Primulaceae	Wild	NA	NA	NA
Androsace sp.	Androsace sp. L.	Androsace	Primulaceae	Wild	NA	NA	NA
Asterolinon linum-stellatum	Asterolinon linum-stellatum	Asterolinon	Primulaceae	Wild	NA	NA	NA
NA	Primulaceae	NA	Primulaceae	Wild	NA	NA	NA
Punica granatum	Punica granatum	Punica	Punicaceae	Wild	NA	NA	NA
Punica sp.	Punica	Punica	Punicaceae	Wild	NA	NA	NA
Punica sp.	Punica sp. L.	Punica	Punicaceae	Wild	NA	NA	NA
Adonis aestivalis	Adonis aestivalis	Adonis	Ranunculaceae	Wild	NA	NA	NA
Adonis annua	Adonis annua	Adonis	Ranunculaceae	Wild	NA	NA	NA
Adonis annua	Adonis annua type	Adonis	Ranunculaceae	Wild	NA	NA	NA
Adonis dentata	Adonis dentata	Adonis	Ranunculaceae	Wild	NA	NA	NA
Adonis dentata	Adonis dentata Del.	Adonis	Ranunculaceae	Wild	NA	NA	NA
Adonis dentata	Adonis dentata Del. uncarbonized	Adonis	Ranunculaceae	Wild	NA	NA	NA
Adonis flammea	Adonis flammea	Adonis	Ranunculaceae	Wild	NA	NA	NA
Adonis microcarpa	Adonis microcarpa DC.	Adonis	Ranunculaceae	Wild	NA	NA	NA
Adonis sp.	Adonis	Adonis	Ranunculaceae	Wild	NA	NA	NA
Adonis sp.	Adonis sp.	Adonis	Ranunculaceae	Wild	NA	NA	NA
Ceratocephalus sp.	Ceratocephalus sp.	Ceratocephalus	Ranunculaceae	Wild	NA	NA	NA
Clematis sp.	Clematis	Clematis	Ranunculaceae	Wild	NA	NA	NA
Ranunculus acris	Ranunculus acris	Ranunculus	Ranunculaceae	Wild	NA	NA	NA
Ranunculus arvensis L. uncarbonized	Ranunculus arvensis L. uncarbonized	Ranunculus	Ranunculaceae	Wild	NA	NA	NA
Ranunculus repens	Ranunculus repens L.	Ranunculus	Ranunculaceae	Wild	NA	NA	NA
Ranunculus repens	Ranunculus repens L. type uncarbonized	Ranunculus	Ranunculaceae	Wild	NA	NA	NA
Ranunculus sceleratus	Ranunculus sceleratus	Ranunculus	Ranunculaceae	Wild	NA	NA	NA
Ranunculus sp.	cf. Ranunculus sp.	Ranunculus	Ranunculaceae	Wild	NA	NA	NA
Ranunculus sp.	Ranunculus	Ranunculus	Ranunculaceae	Wild	NA	NA	NA
Ranunculus sp.	Ranunculus sp.	Ranunculus	Ranunculaceae	Wild	NA	NA	NA
Thalictrum lucidum	Thalictrum lucidum L.	Thalictrum	Ranunculaceae	Wild	NA	NA	NA
Thalictrum sp.	Thalictrum sp.	Thalictrum	Ranunculaceae	Wild	NA	NA	NA
Caylusea hexagyna	Caylusea hexagyna	Caylusea	Resedaceae	Wild	NA	NA	NA
Reseda decursiva	Reseda decursiva	Reseda	Resedaceae	Wild	NA	NA	NA
Reseda lutea	Reseda lutea	Reseda	Resedaceae	Wild	NA	NA	NA
Reseda luteola	Reseda luteola L.	Reseda	Resedaceae	Wild	NA	NA	NA
Reseda sp.	Reseda	Reseda	Resedaceae	Wild	NA	NA	NA
Reseda sp.	Reseda sp.	Reseda	Resedaceae	Wild	NA	NA	NA
Rhamnus sp.	Rhamnus sp., wood	Rhamnus	Rhamnaceae	Wild	NA	NA	TRUE
Ziziphus sp.	Ziziphus sp. wood	Ziziphus	Rhamnaceae	Wild	NA	NA	TRUE
Ziziphus spina-christi	Ziziphus spina-christi var. aucheri (Boiss.) M.Qaiser & S.Nazimuddin	Ziziphus	Rhamnaceae	Wild	NA	NA	NA
Amygdalus communis	Amygdalus communis L.	Amygdalus	Rosaceae	Wild	NA	NA	NA
Amygdalus sp.	Amygdalus	Amygdalus	Rosaceae	Wild	NA	NA	NA
Amygdalus sp.	Amygdalus sp.	Amygdalus	Rosaceae	Wild	NA	NA	NA
Amygdalus sp.	Amygdalus sp. wood	Amygdalus	Rosaceae	Wild	NA	NA	TRUE
Crataegus azarolus	Crataegus azarolus	Crataegus	Rosaceae	Wild	NA	NA	NA
Crataegus monogyna	Crataegus monogyna Jacq.	Crataegus	Rosaceae	Wild	NA	NA	NA
Crataegus sp.	Crataegus	Crataegus	Rosaceae	Wild	NA	NA	NA
Crataegus sp.	Crataegus sp. L.	Crataegus	Rosaceae	Wild	NA	NA	NA
Fragaria sp.	cf. Fragaria sp. (mineralized)	Fragaria	Rosaceae	Wild	NA	NA	NA
Geum sp.	Geum sp.	Geum	Rosaceae	Wild	NA	NA	NA
Malus sp.	Malus sp.	Malus	Rosaceae	Wild	NA	NA	NA
Malus sylvestris	Malus sylvestris Miller	Malus	Rosaceae	Wild	NA	NA	NA
NA	Amygdaloideae	NA	Rosaceae	Wild	NA	NA	NA
NA	Pyrus/Malus	NA	Rosaceae	Wild	NA	NA	NA
NA	Pyrus/Malus sp.	NA	Rosaceae	Wild	NA	NA	NA
NA	Rosaceae	NA	Rosaceae	Wild	NA	NA	NA
Potentilla sp.	Potentilla	Potentilla	Rosaceae	Wild	NA	NA	NA
Potentilla sp.	Potentilla sp. (uncarbonized)	Potentilla	Rosaceae	Wild	NA	NA	NA
Potentilla supina	Potentilla supina L.	Potentilla	Rosaceae	Wild	NA	NA	NA
Prunus dulcis	Prunus dulcis	Prunus	Rosaceae	Wild	NA	NA	NA
Prunus microcarpa	Prunus microcarpa C. A. Meyer	Prunus	Rosaceae	Wild	NA	NA	NA
Prunus sp.	Cerasus/Prunus	Prunus	Rosaceae	Wild	NA	NA	NA
Prunus sp.	cf. Prunus sp.	Prunus	Rosaceae	Wild	NA	NA	NA
Prunus sp.	Prunus	Prunus	Rosaceae	Wild	NA	NA	NA
Prunus sp.	Prunus divaricata/argentea	Prunus	Rosaceae	Wild	NA	NA	NA
Prunus sp.	Prunus dulcis/korshinskyi	Prunus	Rosaceae	Wild	NA	NA	NA
Prunus sp.	Prunus sp.	Prunus	Rosaceae	Wild	NA	NA	NA
Prunus sp.	Prunus webbii/argentea	Prunus	Rosaceae	Wild	NA	NA	NA
Prunus spinosa	Prunus spinosa L.	Prunus	Rosaceae	Wild	NA	NA	NA
Pyrus sp.	Pyrus	Pyrus	Rosaceae	Wild	NA	NA	NA
Pyrus sp.	Pyrus spp.	Pyrus	Rosaceae	Wild	NA	NA	NA
Rosa sp.	Rosa	Rosa	Rosaceae	Wild	NA	NA	NA
Rubus caesius	Rubus caesius L.	Rubus	Rosaceae	Wild	NA	NA	NA
Rubus fruticosus	Rubus fruticosus agg.	Rubus	Rosaceae	Wild	NA	NA	NA
Rubus idaeus	Rubus idaeus L.	Rubus	Rosaceae	Wild	NA	NA	NA
Rubus sanguineus	Rubus sanguineus	Rubus	Rosaceae	Wild	NA	NA	NA
Rubus sp.	Rubus	Rubus	Rosaceae	Wild	NA	NA	NA
Rubus sp.	Rubus sp.	Rubus	Rosaceae	Wild	NA	NA	NA
Sarcopoterium spinosum	Sarcopoterium spinosum (L.) Spach	Sarcopoterium	Rosaceae	Wild	NA	NA	NA
Asperula sp.	Asperula sp.	Asperula	Rubiaceae	Wild	NA	NA	NA
Crucianella sp.	Crucianella	Crucianella	Rubiaceae	Wild	NA	NA	NA
Galium aparine	Galium aparine L.	Galium	Rubiaceae	Wild	NA	NA	NA
Galium mollugo	Galium mollugo	Galium	Rubiaceae	Wild	NA	NA	NA
Galium sp.	Galium	Galium	Rubiaceae	Wild	NA	NA	NA
Galium sp.	Galium sp.	Galium	Rubiaceae	Wild	NA	NA	NA
Galium spurium	Galium spurium L.	Galium	Rubiaceae	Wild	NA	NA	NA
Galium tricornutum	Galium tricornutum	Galium	Rubiaceae	Wild	NA	NA	NA
Galium tricornutum	Galium tricornutum Dandy	Galium	Rubiaceae	Wild	NA	NA	NA
Galium verrucosum	Galium verrucosum Hudson	Galium	Rubiaceae	Wild	NA	NA	NA
NA	Asperula/Galium sect. Kolgyda	NA	Rubiaceae	Wild	NA	NA	NA
NA	Asperula/Galium sp.	NA	Rubiaceae	Wild	NA	NA	NA
NA	Rubiaceae	NA	Rubiaceae	Wild	NA	NA	NA
Sherardia arvensis	Sherardia arvensis	Sherardia	Rubiaceae	Wild	NA	NA	NA
Sherardia arvensis	Sherardia arvensis L.	Sherardia	Rubiaceae	Wild	NA	NA	NA
Sherardia sp.	Sherardia	Sherardia	Rubiaceae	Wild	NA	NA	NA
Ruppia sp.	Ruppia cirrhosa/maritima	Ruppia	Ruppiaceae	Wild	NA	NA	NA
NA	Populus/Salix wood	NA	Salicaceae	Wild	NA	NA	TRUE
Populus euphratica	Populus euphratica wood	Populus	Salicaceae	Wild	NA	NA	TRUE
Populus sp.	Populus sp. wood	Populus	Salicaceae	Wild	NA	NA	TRUE
NA	Scrophulariaceae	NA	Scrophulariaceae	Wild	NA	NA	NA
Scrophularia sp.	Scrophularia	Scrophularia	Scrophulariaceae	Wild	NA	NA	NA
Verbascum sp.	Verbascum	Verbascum	Scrophulariaceae	Wild	NA	NA	NA
Verbascum sp.	Verbascum sp.	Verbascum	Scrophulariaceae	Wild	NA	NA	NA
Datura sp.	Datura	Datura	Solanaceae	Wild	NA	NA	NA
Hyoscyamus muticus	Hyoscyamus muticus	Hyoscyamus	Solanaceae	Wild	NA	NA	NA
Hyoscyamus sp.	Hyoscyamus	Hyoscyamus	Solanaceae	Wild	NA	NA	NA
Hyoscyamus sp.	Hyoscyamus sp.	Hyoscyamus	Solanaceae	Wild	NA	NA	NA
Lycium sp.	Lycium	Lycium	Solanaceae	Wild	NA	NA	NA
NA	Solanaceae	NA	Solanaceae	Wild	NA	NA	NA
NA	Solanaceae indeterminate	NA	Solanaceae	Wild	NA	NA	NA
NA	Solanaceae indeterminate uncarbonized	NA	Solanaceae	Wild	NA	NA	NA
Physalis alkekengi	Physalis alkekengi L.	Physalis	Solanaceae	Wild	NA	NA	NA
Solanum dulcamara	Solanum dulcamara	Solanum	Solanaceae	Wild	NA	NA	NA
Solanum nigrum	Solanum nigrum	Solanum	Solanaceae	Wild	NA	NA	NA
Solanum nigrum	Solanum nigrum L.	Solanum	Solanaceae	Wild	NA	NA	NA
Solanum nigrum	Solanum nigrum L. uncarbonized	Solanum	Solanaceae	Wild	NA	NA	NA
Solanum sp.	Solanum	Solanum	Solanaceae	Wild	NA	NA	NA
Solanum sp.	Solanum sp.	Solanum	Solanaceae	Wild	NA	NA	NA
Tamarix aphylla	Tamarix aphylla	Tamarix	Tamaricaceae	Wild	NA	NA	NA
Tamarix aphylla	Tamarix aphylla wood	Tamarix	Tamaricaceae	Wild	NA	NA	TRUE
Tamarix nilotica	Tamarix nilotica	Tamarix	Tamaricaceae	Wild	NA	NA	NA
Tamarix nilotica	Tamarix nilotica wood	Tamarix	Tamaricaceae	Wild	NA	NA	TRUE
Tamarix sp.	Tamarix sp. wood	Tamarix	Tamaricaceae	Wild	NA	NA	TRUE
Thymelaea hirsuta	Thymelaea hirsuta	Thymelaea	Thymelaea	Wild	NA	NA	NA
Thymelaea hirsuta	Thymelaea hirsuta (L.) Endl.	Thymelaea	Thymelaea	Wild	NA	NA	NA
Thymelaea sp.	cf. Thymelaea sp.	Thymelaea	Thymelaea	Wild	NA	NA	NA
Thymelaea sp.	Thymelaea	Thymelaea	Thymelaea	Wild	NA	NA	NA
Thymelaea sp.	Thymelaea sp.	Thymelaea	Thymelaea	Wild	NA	NA	NA
Thymelaea sp.	Thymelaea sp. uncarbonized	Thymelaea	Thymelaea	Wild	NA	NA	NA
NA	Thymelaeaceae	NA	Thymelaeaceae	Wild	NA	NA	NA
Sparganium sp.	Sparganium sp.	Sparganium	Typhaceae	Wild	NA	NA	NA
Typha sp.	Typha	Typha	Typhaceae	Wild	NA	NA	NA
Urtica sp.	Urtica sp.	Urtica	Urticaceae	Wild	NA	NA	NA
Urtica urens	Urtica urens	Urtica	Urticaceae	Wild	NA	NA	NA
Verbena officinalis	Verbena officinalis	Verbena	Verbenaceae	Wild	NA	NA	NA
Verbena officinalis	Verbena officinalis L.	Verbena	Verbenaceae	Wild	NA	NA	NA
Verbena sp.	Verbena	Verbena	Verbenaceae	Wild	NA	NA	NA
Verbena sp.	Verbena sp.	Verbena	Verbenaceae	Wild	NA	NA	NA
Verbena sp.	Verbena sp. uncarbonized	Verbena	Verbenaceae	Wild	NA	NA	NA
Verbena sp.	Verbena type	Verbena	Verbenaceae	Wild	NA	NA	NA
Viola sp.	Viola	Viola	Violaceae	Wild	NA	NA	NA
Vitis sp.	Vitis	Vitis	Vitaceae	Other crop	NA	NA	NA
Vitis sp.	Vitis sp.	Vitis	Vitaceae	Other crop	NA	NA	NA
Vitis sp.	Vitis sp. uncarbonized	Vitis	Vitaceae	Other crop	NA	NA	NA
Vitis sylvestris	Vitis sylvestris	Vitis	Vitaceae	Other crop	NA	NA	NA
Vitis sylvestris	Vitis sylvestris Gmelin	Vitis	Vitaceae	Other crop	NA	NA	NA
Vitis vinifera	Vitis vinfera L. stalks	Vitis	Vitaceae	Other crop	NA	NA	NA
Vitis vinifera	Vitis vinifera	Vitis	Vitaceae	Other crop	NA	NA	NA
Vitis vinifera	Vitis vinifera L. pips	Vitis	Vitaceae	Other crop	NA	NA	NA
Balanites aegyptiaca	Balanites aegyptiaca Delile	Balanites	Zygophyllaceae	Wild	NA	NA	NA
Tribulus terrestris	Tribulus terrestris	Tribulus	Zygophyllaceae	Wild	NA	NA	NA
Zygophyllum fabago	Zygophyllum fabago	Zygophyllum	Zygophyllaceae	Wild	NA	NA	NA
Zygophyllum sp.	Zygophyllum album/coccineum	Zygophyllum	Zygophyllaceae	Wild	NA	NA	NA
Zygophyllum sp.	Zygophyllum sp.	Zygophyllum	Zygophyllaceae	Wild	NA	NA	NA